timestamp (ms),stateEstimate.x,stateEstimate.y,stateEstimate.z,motor.m1,motor.m2,motor.m3,motor.m4
4830,0.0,0.0,0.0,0,0,0,0
4840,0.0,0.0,0.0,0,0,0,0
4850,0.0,0.0,0.0,0,0,0,0
4860,0.0,0.0,0.0,0,0,0,0
4870,0.0,0.0,0.0,0,0,0,0
4880,0.0,0.0,0.0,0,0,0,0
4890,0.0,0.0,0.0,0,0,0,0
4900,0.0,0.0,0.0,0,0,0,0
4910,0.0,0.0,0.0,0,0,0,0
4920,0.0,0.0,0.0,0,0,0,0
4930,0.0,0.0,0.0,0,0,0,0
4940,0.0,0.0,0.0,0,0,0,0
4950,0.0,0.0,0.0,0,0,0,0
4960,0.0,0.0,0.0,0,0,0,0
4970,0.0,0.0,0.0,0,0,0,0
4980,0.0,0.0,0.0,0,0,0,0
4990,0.0,0.0,0.0,0,0,0,0
5000,0.0,0.0,0.0,0,0,0,0
5010,0.0,0.0,0.0,0,0,0,0
5020,0.0,0.0,0.0,0,0,0,0
5030,0.0,0.0,0.0,0,0,0,0
5040,0.0,0.0,0.0,0,0,0,0
5050,0.0,0.0,0.0,0,0,0,0
5060,0.0,0.0,0.0,0,0,0,0
5070,0.0,0.0,0.0,0,0,0,0
5080,0.0,0.0,0.0,0,0,0,0
5090,0.0,0.0,0.0,0,0,0,0
5100,0.0,0.0,0.0,0,0,0,0
5110,0.0,0.0,0.0,0,0,0,0
5120,0.0,0.0,0.0,0,0,0,0
5130,0.0,0.0,0.0,0,0,0,0
5140,0.0,0.0,0.0,0,0,0,0
5150,0.0,0.0,0.0,0,0,0,0
5160,0.0,0.0,0.0,0,0,0,0
5170,0.0,0.0,0.0,0,0,0,0
5180,0.0,0.0,0.0,0,0,0,0
5190,0.0,0.0,0.0,0,0,0,0
5200,0.0,0.0,0.0,0,0,0,0
5210,0.0,0.0,0.0,0,0,0,0
5220,0.0,0.0,0.0,0,0,0,0
5230,0.0,0.0,0.0,0,0,0,0
5240,0.0,0.0,0.0,0,0,0,0
5250,0.0,0.0,0.0,0,0,0,0
5260,0.0,0.0,0.0,0,0,0,0
5270,0.0,0.0,0.0,0,0,0,0
5280,0.0,0.0,0.0,0,0,0,0
5290,0.0,0.0,0.0,0,0,0,0
5300,0.0,0.0,0.0,0,0,0,0
5310,0.0,0.0,0.0,0,0,0,0
5320,0.0,0.0,0.0,0,0,0,0
5330,0.0,0.0,0.0,0,0,0,0
5340,0.0,0.0,0.0,0,0,0,0
5350,0.0,0.0,0.0,0,0,0,0
5360,0.0,0.0,0.0,0,0,0,0
5370,0.0,0.0,0.0,0,0,0,0
5380,0.0,0.0,0.0,0,0,0,0
5390,0.0,0.0,0.0,0,0,0,0
5400,0.0,0.0,0.0,0,0,0,0
5410,0.0,0.0,0.0,0,0,0,0
5420,0.0,0.0,0.0,0,0,0,0
5430,0.0,0.0,0.0,0,0,0,0
5440,0.0,0.0,0.0,0,0,0,0
5450,0.0,0.0,0.0,0,0,0,0
5460,0.0,0.0,0.0,0,0,0,0
5470,0.0,0.0,0.0,0,0,0,0
5480,0.0,0.0,0.0,0,0,0,0
5490,0.0,0.0,0.0,0,0,0,0
5500,0.0,0.0,0.0,0,0,0,0
5510,0.0,0.0,0.0,0,0,0,0
5520,0.0,0.0,0.0,0,0,0,0
5530,0.0,0.0,0.0,0,0,0,0
5540,0.0,0.0,0.0,0,0,0,0
5550,0.0,0.0,0.0,0,0,0,0
5560,0.0,0.0,0.0,0,0,0,0
5570,0.0,0.0,0.0,0,0,0,0
5580,0.0,0.0,0.0,0,0,0,0
5590,0.0,0.0,0.0,0,0,0,0
5600,0.0,0.0,0.0,0,0,0,0
5610,0.0,0.0,0.0,0,0,0,0
5620,0.0,0.0,0.0,0,0,0,0
5630,0.0,0.0,0.0,0,0,0,0
5640,0.0,0.0,0.0,0,0,0,0
5650,0.0,0.0,0.0,0,0,0,0
5660,0.0,0.0,0.0,0,0,0,0
5670,0.0,0.0,0.0,0,0,0,0
5680,0.0,0.0,0.0,0,0,0,0
5690,0.0,0.0,0.0,0,0,0,0
5700,0.0,0.0,0.0,0,0,0,0
5710,0.0,0.0,0.0,0,0,0,0
5720,0.0,0.0,0.0,0,0,0,0
5730,0.0,0.0,0.0,0,0,0,0
5740,0.0,0.0,0.0,0,0,0,0
5750,0.0,0.0,0.0,0,0,0,0
5760,0.0,0.0,0.0,0,0,0,0
5770,0.0,0.0,0.0,0,0,0,0
5780,0.0,0.0,0.0,0,0,0,0
5790,0.0,0.0,0.0,0,0,0,0
5800,0.0,0.0,0.0,0,0,0,0
5810,0.0,0.0,0.0,0,0,0,0
5820,0.0,0.0,0.0,0,0,0,0
5830,0.0,0.0,0.0,0,0,0,0
5840,0.0,0.0,0.0,0,0,0,0
5850,0.0,0.0,0.0,0,0,0,0
5860,0.0,0.0,0.0,0,0,0,0
5870,0.0,0.0,0.0,0,0,0,0
5880,0.0,0.0,0.0,0,0,0,0
5890,0.0,0.0,0.0,0,0,0,0
5900,0.0,0.0,0.0,0,0,0,0
5910,0.0,0.0,0.0,0,0,0,0
5920,0.0,0.0,0.0,0,0,0,0
5930,0.0,0.0,0.0,0,0,0,0
5940,0.0,0.0,0.0,0,0,0,0
5950,0.0,0.0,0.0,0,0,0,0
5960,0.0,0.0,0.0,0,0,0,0
5970,0.0,0.0,0.0,0,0,0,0
5980,0.0,0.0,0.0,0,0,0,0
5990,0.0,0.0,0.0,0,0,0,0
6000,0.0,0.0,0.0,0,0,0,0
6010,0.0,0.0,0.0,0,0,0,0
6020,0.0,0.0,0.0,0,0,0,0
6030,0.0,0.0,0.0,0,0,0,0
6040,0.0,0.0,0.0,0,0,0,0
6050,0.0,0.0,0.0,0,0,0,0
6060,0.0,0.0,0.0,0,0,0,0
6070,0.0,0.0,0.0,0,0,0,0
6080,0.0,0.0,0.0,0,0,0,0
6090,0.0,0.0,0.0,0,0,0,0
6100,0.0,0.0,0.0,0,0,0,0
6110,0.0,0.0,0.0,0,0,0,0
6120,0.0,0.0,0.0,0,0,0,0
6130,0.0,0.0,0.0,0,0,0,0
6140,0.0,0.0,0.0,0,0,0,0
6150,0.0,0.0,0.0,0,0,0,0
6160,0.0,0.0,0.0,0,0,0,0
6170,0.0,0.0,0.0,0,0,0,0
6180,0.0,0.0,0.0,0,0,0,0
6190,0.0,0.0,0.0,0,0,0,0
6200,0.0,0.0,0.0,0,0,0,0
6210,0.0,0.0,0.0,0,0,0,0
6220,0.0,0.0,0.0,0,0,0,0
6230,0.0,0.0,0.0,0,0,0,0
6240,0.0,0.0,0.0,0,0,0,0
6250,0.0,0.0,0.0,0,0,0,0
6260,0.0,0.0,0.0,0,0,0,0
6270,0.0,0.0,0.0,0,0,0,0
6280,0.0,0.0,0.0,0,0,0,0
6290,0.0,0.0,0.0,0,0,0,0
6300,0.0,0.0,0.0,0,0,0,0
6310,0.0,0.0,0.0,0,0,0,0
6320,0.0,0.0,0.0,0,0,0,0
6330,0.0,0.0,0.0,0,0,0,0
6340,0.0,0.0,0.0,0,0,0,0
6350,0.0,0.0,0.0,0,0,0,0
6360,0.0,0.0,0.0,0,0,0,0
6370,0.0,0.0,0.0,0,0,0,0
6380,0.0,0.0,0.0,0,0,0,0
6390,0.0,0.0,0.0,0,0,0,0
6400,0.0,0.0,0.0,0,0,0,0
6410,0.0,0.0,0.0,0,0,0,0
6420,0.0,0.0,0.0,0,0,0,0
6430,0.0,0.0,0.0,0,0,0,0
6440,0.0,0.0,0.0,0,0,0,0
6450,0.0,0.0,0.0,0,0,0,0
6460,0.0,0.0,0.0,0,0,0,0
6470,0.0,0.0,0.0,0,0,0,0
6480,0.0,0.0,0.0,0,0,0,0
6490,0.0,0.0,0.0,0,0,0,0
6500,0.0,0.0,0.0,0,0,0,0
6510,0.0,0.0,0.0,0,0,0,0
6520,0.0,0.0,0.0,0,0,0,0
6530,0.0,0.0,0.0,0,0,0,0
6540,0.0,0.0,0.0,0,0,0,0
6550,0.0,0.0,0.0,0,0,0,0
6560,0.0,0.0,0.0,0,0,0,0
6570,0.0,0.0,0.0,0,0,0,0
6580,0.0,0.0,0.0,0,0,0,0
6590,0.0,0.0,0.0,0,0,0,0
6600,0.0,0.0,0.0,0,0,0,0
6610,0.0,0.0,0.0,0,0,0,0
6620,0.0,0.0,0.0,0,0,0,0
6630,0.0,0.0,0.0,0,0,0,0
6640,0.0,0.0,0.0,0,0,0,0
6650,0.0,0.0,0.0,0,0,0,0
6660,0.0,0.0,0.0,0,0,0,0
6670,0.0,0.0,0.0,0,0,0,0
6680,0.0,0.0,0.0,0,0,0,0
6690,0.0,0.0,0.0,0,0,0,0
6700,0.0,0.0,0.0,0,0,0,0
6710,0.0,0.0,0.0,0,0,0,0
6720,0.0,0.0,0.0,0,0,0,0
6730,0.0,0.0,0.0,0,0,0,0
6740,0.0,0.0,0.0,0,0,0,0
6750,0.0,0.0,0.0,0,0,0,0
6760,0.0,0.0,0.0,0,0,0,0
6770,0.0,0.0,0.0,0,0,0,0
6780,0.0,0.0,0.0,0,0,0,0
6790,0.0,0.0,0.0,0,0,0,0
6800,0.0,0.0,0.0,0,0,0,0
6810,0.0,0.0,0.0,0,0,0,0
6820,0.0,0.0,0.0,0,0,0,0
6830,0.0,0.0,0.0,0,0,0,0
6840,0.0,0.0,0.0,0,0,0,0
6850,0.0,0.0,0.0,0,0,0,0
6860,0.0,0.0,0.0,0,0,0,0
6870,0.0,0.0,0.0,0,0,0,0
6880,0.0,0.0,0.0,0,0,0,0
6890,0.0,0.0,0.0,0,0,0,0
6900,0.0,0.0,0.0,0,0,0,0
6910,0.0,0.0,0.0,0,0,0,0
6920,0.0,0.0,0.0,0,0,0,0
6930,0.0,0.0,0.0,0,0,0,0
6940,0.0,0.0,0.0,0,0,0,0
6950,0.0,0.0,0.0,0,0,0,0
6960,0.0,0.0,0.0,0,0,0,0
6970,0.0,0.0,0.0,0,0,0,0
6980,0.0,0.0,0.0,0,0,0,0
6990,0.0,0.0,0.0,0,0,0,0
7000,0.0,0.0,0.0,0,0,0,0
7010,0.0,0.0,0.0,0,0,0,0
7020,0.0,0.0,0.0,0,0,0,0
7030,0.0,0.0,0.0,0,0,0,0
7040,0.0,0.0,0.0,0,0,0,0
7050,0.0,0.0,0.0,0,0,0,0
7060,0.0,0.0,0.0,0,0,0,0
7070,0.0,0.0,0.0,0,0,0,0
7080,0.0,0.0,0.0,0,0,0,0
7090,0.0,0.0,0.0,0,0,0,0
7100,0.0,0.0,0.0,0,0,0,0
7110,0.0,0.0,0.0,0,0,0,0
7120,0.0,0.0,0.0,0,0,0,0
7130,0.0,0.0,0.0,0,0,0,0
7140,0.0,0.0,0.0,0,0,0,0
7150,0.0,0.0,0.0,0,0,0,0
7160,0.0,0.0,0.0,0,0,0,0
7170,0.0,0.0,0.0,0,0,0,0
7180,0.0,0.0,0.0,0,0,0,0
7190,0.0,0.0,0.0,0,0,0,0
7200,0.0,0.0,0.0,0,0,0,0
7210,0.0,0.0,0.0,0,0,0,0
7220,0.0,0.0,0.0,0,0,0,0
7230,0.0,0.0,0.0,0,0,0,0
7240,0.0,0.0,0.0,0,0,0,0
7250,0.0,0.0,0.0,0,0,0,0
7260,0.0,0.0,0.0,0,0,0,0
7270,0.0,0.0,0.0,0,0,0,0
7280,0.0,0.0,0.0,0,0,0,0
7290,0.0,0.0,0.0,0,0,0,0
7300,0.0,0.0,0.0,0,0,0,0
7310,0.0,0.0,0.0,0,0,0,0
7320,0.0,0.0,0.0,0,0,0,0
7330,0.0,0.0,0.0,0,0,0,0
7340,0.0,0.0,0.0,0,0,0,0
7350,0.0,0.0,0.0,0,0,0,0
7360,0.0,0.0,0.0,0,0,0,0
7370,0.0,0.0,0.0,0,0,0,0
7380,0.0,0.0,0.0,0,0,0,0
7390,0.0,0.0,0.0,0,0,0,0
7400,0.0,0.0,0.0,0,0,0,0
7410,0.0,0.0,0.0,0,0,0,0
7420,0.0,0.0,0.0,0,0,0,0
7430,0.0,0.0,0.0,0,0,0,0
7440,0.0,0.0,0.0,0,0,0,0
7450,0.0,0.0,0.0,0,0,0,0
7460,0.0,0.0,0.0,0,0,0,0
7470,0.0,0.0,0.0,0,0,0,0
7480,0.0,0.0,0.0,0,0,0,0
7490,0.0,0.0,0.0,0,0,0,0
7500,0.0,0.0,0.0,0,0,0,0
7510,0.0,0.0,0.0,0,0,0,0
7520,0.0,0.0,0.0,0,0,0,0
7530,0.0,0.0,0.0,0,0,0,0
7540,0.0,0.0,0.0,0,0,0,0
7550,0.0,0.0,0.0,0,0,0,0
7560,0.0,0.0,0.0,0,0,0,0
7570,0.0,0.0,0.0,0,0,0,0
7580,0.0,0.0,0.0,0,0,0,0
7590,0.0,0.0,0.0,0,0,0,0
7600,0.0,0.0,0.0,0,0,0,0
7610,0.0,0.0,0.0,0,0,0,0
7620,0.0,0.0,0.0,0,0,0,0
7630,0.0,0.0,0.0,0,0,0,0
7640,0.0,0.0,0.0,0,0,0,0
7650,0.0,0.0,0.0,0,0,0,0
7660,0.0,0.0,0.0,0,0,0,0
7670,0.0,0.0,0.0,0,0,0,0
7680,0.0,0.0,0.0,0,0,0,0
7690,0.0,0.0,0.0,0,0,0,0
7700,0.0,0.0,0.0,0,0,0,0
7710,0.0,0.0,0.0,0,0,0,0
7720,0.0,0.0,0.0,0,0,0,0
7730,0.0,0.0,0.0,0,0,0,0
7740,0.0,0.0,0.0,0,0,0,0
7750,0.0,0.0,0.0,0,0,0,0
7760,0.0,0.0,0.0,0,0,0,0
7770,0.0,0.0,0.0,0,0,0,0
7780,0.0,0.0,0.0,0,0,0,0
7790,0.0,0.0,0.0,0,0,0,0
7800,0.0,0.0,0.0,0,0,0,0
7810,0.0,0.0,0.0,0,0,0,0
7820,0.0,0.0,0.0,0,0,0,0
7830,0.0,0.0,0.0,0,0,0,0
7840,0.0,0.0,0.0,0,0,0,0
7850,0.0,0.0,0.0,0,0,0,0
7860,0.0,0.0,0.0,0,0,0,0
7870,0.0,0.0,0.0,0,0,0,0
7880,0.0,0.0,0.0,0,0,0,0
7890,0.0,0.0,0.0,0,0,0,0
7900,0.0,0.0,0.0,0,0,0,0
7910,0.0,0.0,0.0,0,0,0,0
7920,0.0,0.0,0.0,0,0,0,0
7930,0.0,0.0,0.0,0,0,0,0
7940,0.0,0.0,0.0,0,0,0,0
7950,0.0,0.0,0.0,0,0,0,0
7960,0.0,0.0,0.0,0,0,0,0
7970,0.0,0.0,0.0,0,0,0,0
7980,0.0,0.0,0.0,0,0,0,0
7990,0.0,0.0,0.0,0,0,0,0
8000,0.0,0.0,0.0,0,0,0,0
8010,0.0,0.0,0.0,0,0,0,0
8020,0.0,0.0,0.0,0,0,0,0
8030,0.0,0.0,0.0,0,0,0,0
8040,0.0,0.0,0.0,0,0,0,0
8050,0.0,0.0,0.0,0,0,0,0
8060,0.0,0.0,0.0,0,0,0,0
8070,0.0,0.0,0.0,0,0,0,0
8080,0.0,0.0,0.0,0,0,0,0
8090,0.0,0.0,0.0,0,0,0,0
8100,0.0,0.0,0.0,0,0,0,0
8110,0.0,0.0,0.0,0,0,0,0
8120,0.0,0.0,0.0,0,0,0,0
8130,0.0,0.0,0.0,0,0,0,0
8140,0.0,0.0,0.0,0,0,0,0
8150,0.0,0.0,0.0,0,0,0,0
8160,0.0,0.0,0.0,0,0,0,0
8170,0.0,0.0,0.0,0,0,0,0
8180,0.0,0.0,0.0,0,0,0,0
8190,0.0,0.0,0.0,0,0,0,0
8200,0.0,0.0,0.0,0,0,0,0
8210,0.0,0.0,0.0,0,0,0,0
8220,0.0,0.0,0.0,0,0,0,0
8230,0.0,0.0,0.0,0,0,0,0
8240,0.0,0.0,0.0,0,0,0,0
8250,0.0,0.0,0.0,0,0,0,0
8260,0.0,0.0,0.0,0,0,0,0
8270,0.0,0.0,0.0,0,0,0,0
8280,0.0,0.0,0.0,0,0,0,0
8290,0.0,0.0,0.0,0,0,0,0
8300,0.0,0.0,0.0,0,0,0,0
8310,0.0,0.0,0.0,0,0,0,0
8320,0.0,0.0,0.0,0,0,0,0
8330,0.0,0.0,0.0,0,0,0,0
8340,0.0,0.0,0.0,0,0,0,0
8350,0.0,0.0,0.0,0,0,0,0
8360,0.0,0.0,0.0,0,0,0,0
8370,0.0,0.0,0.0,0,0,0,0
8380,0.0,0.0,0.0,0,0,0,0
8390,0.0,0.0,0.0,0,0,0,0
8400,0.0,0.0,0.0,0,0,0,0
8410,0.0,0.0,0.0,0,0,0,0
8420,0.0,0.0,0.0,0,0,0,0
8430,0.0,0.0,0.0,0,0,0,0
8440,0.0,0.0,0.0,0,0,0,0
8450,0.0,0.0,0.0,0,0,0,0
8460,0.0,0.0,0.0,0,0,0,0
8470,0.0,0.0,0.0,0,0,0,0
8480,0.0,0.0,0.0,0,0,0,0
8490,0.0,0.0,0.0,0,0,0,0
8500,0.0,0.0,0.0,0,0,0,0
8510,0.0,0.0,0.0,0,0,0,0
8520,0.0,0.0,0.0,0,0,0,0
8530,0.0,0.0,0.0,0,0,0,0
8540,0.0,0.0,0.0,0,0,0,0
8550,0.0,0.0,0.0,0,0,0,0
8560,0.0,0.0,0.0,0,0,0,0
8570,0.0,0.0,0.0,0,0,0,0
8580,0.0,0.0,0.0,0,0,0,0
8590,0.0,0.0,0.0,0,0,0,0
8600,0.0,0.0,0.0,0,0,0,0
8610,0.0,0.0,0.0,0,0,0,0
8620,0.0,0.0,0.0,0,0,0,0
8630,0.0,0.0,0.0,0,0,0,0
8640,0.0,0.0,0.0,0,0,0,0
8650,0.0,0.0,0.0,0,0,0,0
8660,0.0,0.0,0.0,0,0,0,0
8670,0.0,0.0,0.0,0,0,0,0
8680,0.0,0.0,0.0,0,0,0,0
8690,0.0,0.0,0.0,0,0,0,0
8700,0.0,0.0,0.0,0,0,0,0
8710,0.0,0.0,0.0,0,0,0,0
8720,0.0,0.0,0.0,0,0,0,0
8730,0.0,0.0,0.0,0,0,0,0
8740,0.0,0.0,0.0,0,0,0,0
8750,0.0,0.0,0.0,0,0,0,0
8760,0.0,0.0,0.0,0,0,0,0
8770,0.0,0.0,0.0,0,0,0,0
8780,0.0,0.0,0.0,0,0,0,0
8790,0.0,0.0,0.0,0,0,0,0
8800,0.0,0.0,0.0,0,0,0,0
8810,0.0,0.0,0.0,0,0,0,0
8820,0.0,0.0,0.0,0,0,0,0
8830,0.0,0.0,0.0,0,0,0,0
8840,0.0,0.0,0.0,0,0,0,0
8850,0.0,0.0,0.0,0,0,0,0
8860,0.0,0.0,0.0,0,0,0,0
8870,0.0,0.0,0.0,0,0,0,0
8880,0.0,0.0,0.0,0,0,0,0
8890,0.0,0.0,0.0,0,0,0,0
8900,0.0,0.0,0.0,0,0,0,0
8910,0.0,0.0,0.0,0,0,0,0
8920,0.0,0.0,0.0,0,0,0,0
8930,0.0,0.0,0.0,0,0,0,0
8940,0.0,0.0,0.0,0,0,0,0
8950,0.0,0.0,0.0,0,0,0,0
8960,0.0,0.0,0.0,0,0,0,0
8970,0.0,0.0,0.0,0,0,0,0
8980,0.0,0.0,0.0,0,0,0,0
8990,0.0,0.0,0.0,0,0,0,0
9000,0.0,0.0,0.0,0,0,0,0
9010,0.0,0.0,0.0,0,0,0,0
9020,0.0,0.0,0.0,0,0,0,0
9030,0.0,0.0,0.0,0,0,0,0
9040,0.0,0.0,0.0,0,0,0,0
9050,0.0,0.0,0.0,0,0,0,0
9060,0.0,0.0,0.0,0,0,0,0
9070,0.0,0.0,0.0,0,0,0,0
9080,0.0,0.0,0.0,0,0,0,0
9090,0.0,0.0,0.0,0,0,0,0
9100,0.0,0.0,0.0,0,0,0,0
9110,0.0,0.0,0.0,0,0,0,0
9120,0.0,0.0,0.0,0,0,0,0
9130,0.0,0.0,0.0,0,0,0,0
9140,0.0,0.0,0.0,0,0,0,0
9150,0.0,0.0,0.0,0,0,0,0
9160,0.0,0.0,0.0,0,0,0,0
9170,0.0,0.0,0.0,0,0,0,0
9180,0.0,0.0,0.0,0,0,0,0
9190,0.0,0.0,0.0,0,0,0,0
9200,0.0,0.0,0.0,0,0,0,0
9210,0.0,0.0,0.0,0,0,0,0
9220,0.0,0.0,0.0,0,0,0,0
9230,0.0,0.0,0.0,0,0,0,0
9240,0.0,0.0,0.0,0,0,0,0
9250,0.0,0.0,0.0,0,0,0,0
9260,0.0,0.0,0.0,0,0,0,0
9270,0.0,0.0,0.0,0,0,0,0
9280,0.0,0.0,0.0,0,0,0,0
9290,0.0,0.0,0.0,0,0,0,0
9300,0.0,0.0,0.0,0,0,0,0
9310,0.0,0.0,0.0,0,0,0,0
9320,0.0,0.0,0.0,0,0,0,0
9330,0.0,0.0,0.0,0,0,0,0
9340,0.0,0.0,0.0,0,0,0,0
9350,0.0,0.0,0.0,0,0,0,0
9360,0.0,0.0,0.0,0,0,0,0
9370,0.0,0.0,0.0,0,0,0,0
9380,0.0,0.0,0.0,0,0,0,0
9390,0.0,0.0,0.0,0,0,0,0
9400,0.0,0.0,0.0,0,0,0,0
9410,0.0,0.0,0.0,0,0,0,0
9420,0.0,0.0,0.0,0,0,0,0
9430,0.0,0.0,0.0,0,0,0,0
9440,0.0,0.0,0.0,0,0,0,0
9450,0.0,0.0,0.0,0,0,0,0
9460,0.0,0.0,0.0,0,0,0,0
9470,0.0,0.0,0.0,0,0,0,0
9480,0.0,0.0,0.0,0,0,0,0
9490,0.0,0.0,0.0,0,0,0,0
9500,0.0,0.0,0.0,0,0,0,0
9510,0.0,0.0,0.0,0,0,0,0
9520,0.0,0.0,0.0,0,0,0,0
9530,0.0,0.0,0.0,0,0,0,0
9540,0.0,0.0,0.0,0,0,0,0
9550,0.0,0.0,0.0,0,0,0,0
9560,0.0,0.0,0.0,0,0,0,0
9570,0.0,0.0,0.0,0,0,0,0
9580,0.0,0.0,0.0,0,0,0,0
9590,0.0,0.0,0.0,0,0,0,0
9600,0.0,0.0,0.0,0,0,0,0
9610,0.0,0.0,0.0,0,0,0,0
9620,0.0,0.0,0.0,0,0,0,0
9630,0.0,0.0,0.0,0,0,0,0
9640,0.0,0.0,0.0,0,0,0,0
9650,0.0,0.0,0.0,0,0,0,0
9660,0.0,0.0,0.0,0,0,0,0
9670,0.0,0.0,0.0,0,0,0,0
9680,0.0,0.0,0.0,0,0,0,0
9690,0.0,0.0,0.0,0,0,0,0
9700,0.0,0.0,0.0,0,0,0,0
9710,0.0,0.0,0.0,0,0,0,0
9720,0.0,0.0,0.0,0,0,0,0
9730,0.0,0.0,0.0,0,0,0,0
9740,0.0,0.0,0.0,0,0,0,0
9750,0.0,0.0,0.0,0,0,0,0
9760,0.0,0.0,0.0,0,0,0,0
9770,0.0,0.0,0.0,0,0,0,0
9780,0.0,0.0,0.0,0,0,0,0
9790,0.0,0.0,0.0,0,0,0,0
9800,0.0,0.0,0.0,0,0,0,0
9810,0.0,0.0,0.0,0,0,0,0
9820,0.0,0.0,0.0,0,0,0,0
9830,0.0,0.0,0.0,0,0,0,0
9840,0.0,0.0,0.0,0,0,0,0
9850,0.0,0.0,0.0,0,0,0,0
9860,0.0,0.0,0.0,0,0,0,0
9870,0.0,0.0,0.0,0,0,0,0
9880,0.0,0.0,0.0,0,0,0,0
9890,0.0,0.0,0.0,0,0,0,0
9900,0.0,0.0,0.0,0,0,0,0
9910,0.0,0.0,0.0,0,0,0,0
9920,0.0,0.0,0.0,0,0,0,0
9930,0.0,0.0,0.0,0,0,0,0
9940,0.0,0.0,0.0,0,0,0,0
9950,0.0,0.0,0.0,0,0,0,0
9960,0.0,0.0,0.0,0,0,0,0
9970,0.0,0.0,0.0,0,0,0,0
9980,0.0,0.0,0.0,0,0,0,0
9990,0.0,0.0,0.0,0,0,0,0
10000,2.451540467518498e-06,-7.398517027468188e-06,-4.3121399357914925e-06,0,0,0,0
10010,1.315892041020561e-05,4.6400196879403666e-05,0.8603153824806213,0,0,0,0
10020,-0.0003463025204837322,0.0006982907652854919,0.017974719405174255,0,0,0,0
10030,-0.00048646252253092825,0.0009494069963693619,0.017941541969776154,0,0,0,0
10040,-0.0006486322381533682,0.0011265695793554187,0.017919553443789482,0,0,0,0
10050,-0.0007987174321897328,0.001353528117761016,0.01787145994603634,0,0,0,0
10060,-0.0011437414214015007,0.001476162695325911,0.01790665276348591,0,0,0,0
10070,-0.002524801529943943,-0.0003901467425748706,0.01789933256804943,0,0,0,0
10080,-0.0029405897948890924,-0.0005667031509801745,0.017824511975049973,0,0,0,0
10090,-0.0036143967881798744,-0.0007625893922522664,0.017708919942378998,0,0,0,0
10100,-0.0034966059029102325,-0.0008299293112941086,0.01771937496960163,0,0,0,0
10110,-0.003317974740639329,-0.0032155702356249094,0.01767894998192787,0,0,0,0
10120,-0.0021729522850364447,-0.0008799692150205374,0.01799970120191574,0,0,0,0
10130,-0.0022075623273849487,-0.0007464447990059853,0.017929157242178917,0,0,0,0
10140,-0.0020685652270913124,-0.0002611688687466085,0.01785716600716114,0,0,0,0
10150,-0.004000933840870857,-0.000276280683465302,0.018249159678816795,0,0,0,0
10160,-0.002258285880088806,-0.0008249148959293962,0.018248768523335457,0,0,0,0
10170,-0.0020797878969460726,-0.0008385158143937588,0.01816723868250847,0,0,0,0
10180,-0.0020835709292441607,-0.0015965452184900641,0.018063543364405632,0,0,0,0
10190,-0.0030761887319386005,-0.0014136593090370297,0.019209010526537895,0,0,0,0
10200,-0.003478686325252056,0.0007416314329020679,0.01923385262489319,0,0,0,0
10210,-0.0022993716411292553,-0.0008424656116403639,0.019269851967692375,0,0,0,0
10220,-0.0023169824853539467,-0.0009741720277816057,0.019252950325608253,0,0,0,0
10230,-0.0018544753547757864,-0.0003089290694333613,0.019238179549574852,0,0,0,0
10240,-0.0018485558684915304,-0.0018762432737275958,0.018675772473216057,0,0,0,0
10250,-0.0018039741553366184,-0.00209000613540411,0.018618972972035408,0,0,0,0
10260,-0.0028225367423146963,-0.002035327022895217,0.018588019534945488,0,0,0,0
10270,-0.0018059483263641596,-0.001995580503717065,0.018537692725658417,0,0,0,0
10280,-0.002061371924355626,-0.002994121750816703,0.019580570980906487,0,0,0,0
10290,0.001714132959023118,-0.003951044753193855,0.019530517980456352,0,0,0,0
10300,0.0020741275511682034,-0.004296164959669113,0.019532648846507072,0,0,0,0
10310,0.0024456381797790527,-0.004652099218219519,0.01953475922346115,0,0,0,0
10320,0.0022769782226532698,-0.004204019904136658,0.020601561293005943,0,0,0,0
10330,0.002639775862917304,-0.004525400698184967,0.02066689170897007,0,0,0,0
10340,-0.00203909445554018,0.0023866272531449795,0.021120160818099976,0,0,0,0
10350,-0.002045205794274807,0.0010246153688058257,0.021265853196382523,0,0,0,0
10360,-0.0017523854039609432,0.0037850108928978443,0.021283231675624847,0,0,0,0
10370,-0.0017778206383809447,0.0012427788460627198,0.020513225346803665,0,0,0,0
10380,-0.0017471377504989505,0.0013403627090156078,0.020554030314087868,0,0,0,0
10390,-0.0023732041008770466,4.319269646657631e-05,0.02062164433300495,0,0,0,0
10400,-0.00204101693816483,0.0006711466703563929,0.020664362236857414,0,0,0,0
10410,-0.0020553336944431067,3.155211379635148e-05,0.020832587033510208,0,0,0,0
10420,-0.003289565909653902,0.004652081057429314,0.020865898579359055,0,0,0,0
10430,-0.0026517913211137056,0.0014975754311308265,0.02105366811156273,0,0,0,0
10440,-0.002336380071938038,0.0008529170881956816,0.021120714023709297,0,0,0,0
10450,-0.002337184501811862,-5.132686419528909e-05,0.020335078239440918,0,0,0,0
10460,-0.0009050808730535209,0.002547298790886998,0.02035163901746273,0,0,0,0
10470,-0.0018027451587840915,0.0013606518041342497,0.020391279831528664,0,0,0,0
10480,-0.0018148005474358797,0.0019190582679584622,0.020397974178195,0,0,0,0
10490,-0.002373957773670554,0.0013306817272678018,0.0204209852963686,0,0,0,0
10500,-0.001004858990199864,0.000729826046153903,0.01867240108549595,0,0,0,0
10510,-0.0029551349580287933,-0.00477573974058032,0.018606070429086685,0,0,0,0
10520,-0.0029854446183890104,-0.005123865325003862,0.01852625235915184,0,0,0,0
10530,-0.0035619072150439024,-0.004109445493668318,0.018510978668928146,0,0,0,0
10540,-0.0032351375557482243,-0.004003241658210754,0.01943310536444187,0,0,0,0
10550,-0.0032716034911572933,-0.004266210366040468,0.019411051645874977,0,0,0,0
10560,-0.003306037513539195,-0.004536903463304043,0.019388463348150253,0,0,0,0
10570,-0.0026477177161723375,-0.005361012648791075,0.019353177398443222,0,0,0,0
10580,-0.0020250347442924976,-0.0036076235119253397,0.018835438415408134,0,0,0,0
10590,-0.009481971152126789,-0.00876719318330288,0.018744582310318947,0,0,0,0
10600,-0.006569916848093271,-0.002516208915039897,0.01918676309287548,0,0,0,0
10610,-0.007358888164162636,-0.0024881025310605764,0.01914815977215767,0,0,0,0
10620,-0.006671608425676823,-0.0021608667448163033,0.019154617562890053,0,0,0,0
10630,-0.006902741268277168,-0.000978337717242539,0.020351100713014603,0,0,0,0
10640,-0.007106130477041006,-0.0009718879009597003,0.020399468019604683,0,0,0,0
10650,-0.006703670602291822,0.0053627826273441315,0.020389055833220482,0,0,0,0
10660,-0.006921840365976095,0.006384214852005243,0.020386945456266403,0,0,0,0
10670,-0.006847058888524771,0.005044674035161734,0.020346665754914284,0,0,0,0
10680,-0.00700781587511301,0.0053756628185510635,0.020381012931466103,0,0,0,0
10690,-0.007172055542469025,0.0057138740085065365,0.02041502483189106,0,0,0,0
10700,-0.0073362127877771854,0.006055337842553854,0.020448993891477585,0,0,0,0
10710,-0.007219340652227402,0.007195522077381611,0.020251953974366188,0,0,0,0
10720,-0.013853144831955433,-0.001460857456550002,0.020536167547106743,0,0,0,0
10730,-0.014366982504725456,-0.0015692515298724174,0.02056886814534664,0,0,0,0
10740,-0.014889208599925041,-0.001678105560131371,0.02060140110552311,0,0,0,0
10750,-0.015417939983308315,-0.0017902306281030178,0.02063496597111225,0,0,0,0
10760,-0.019634313881397247,-0.00012832734500989318,0.021149633452296257,0,0,0,0
10770,-0.014920595102012157,-0.00011399525828892365,0.021545153111219406,0,0,0,0
10780,-0.014217953197658062,-8.751869609113783e-05,0.02167060598731041,0,0,0,0
10790,-0.013693523593246937,-0.0009964469354599714,0.021783828735351562,0,0,0,0
10800,-0.014094550162553787,-0.0010551029117777944,0.02281682938337326,0,0,0,0
10810,-0.014876713976264,-0.0010047449031844735,0.022949915379285812,0,0,0,0
10820,-0.013329773209989071,3.0169076126185246e-05,0.02316107414662838,0,0,0,0
10830,-0.013624247163534164,1.023271215672139e-05,0.023310376331210136,0,0,0,0
10840,-0.013400787487626076,0.00036519841523841023,0.022511448711156845,0,0,0,0
10850,-0.013576141558587551,-0.0012769525637850165,0.022609999403357506,0,0,0,0
10860,-0.013846457935869694,-0.0013625086285173893,0.02270706370472908,0,0,0,0
10870,-0.013335056602954865,4.167981387581676e-05,0.02283436432480812,0,0,0,0
10880,-0.016761094331741333,0.004975215066224337,0.021717432886362076,0,0,0,0
10890,-0.018469924107193947,0.0019907127134501934,0.021793652325868607,0,0,0,0
10900,-0.01893581449985504,0.0020666150376200676,0.02182892896234989,0,0,0,0
10910,-0.019406726583838463,0.0021429872140288353,0.02186516299843788,0,0,0,0
10920,-0.01907620206475258,0.0006924208719283342,0.0219531562179327,0,0,0,0
10930,-0.018437223508954048,-0.005065503064543009,0.02163122408092022,0,0,0,0
10940,-0.01689940132200718,0.0013845822541043162,0.021906008943915367,0,0,0,0
10950,-0.017052993178367615,0.0033013641368597746,0.021936940029263496,0,0,0,0
10960,-0.016584234312176704,0.003226120490580797,0.021995535120368004,0,0,0,0
10970,-0.016393525525927544,0.0022240756079554558,0.020866580307483673,0,0,0,0
10980,-0.017188819125294685,0.0015853428049013019,0.02084839530289173,0,0,0,0
10990,-0.016188157722353935,0.0018675012979656458,0.020848305895924568,0,0,0,0
11000,-0.015816111117601395,0.00184404116589576,0.02083718590438366,0,0,0,0
11010,-0.015990540385246277,0.0018851832719519734,0.020497307181358337,0,0,0,0
11020,-0.0161781907081604,0.0019286198075860739,0.020466260612010956,0,0,0,0
11030,-0.016382163390517235,0.00197366951033473,0.020433271303772926,0,0,0,0
11040,-0.01627473160624504,0.0022787083871662617,0.020403947681188583,0,0,0,0
11050,-0.019108040258288383,-0.004510348197072744,0.021012989804148674,0,0,0,0
11060,-0.021441133692860603,-0.009364409372210503,0.020843960344791412,0,0,0,0
11070,-0.02000226266682148,-0.009707869030535221,0.020907316356897354,0,0,0,0
11080,-0.019863169640302658,-0.009184934198856354,0.02098408155143261,0,0,0,0
11090,-0.02032615803182125,-0.00985778123140335,0.02097359485924244,0,0,0,0
11100,-0.019910156726837158,-0.017391635105013847,0.020693181082606316,0,0,0,0
11110,-0.020944273099303246,-0.017065519466996193,0.020780693739652634,0,0,0,0
11120,-0.01973685622215271,-0.016797924414277077,0.020919231697916985,0,0,0,0
11130,-0.020479559898376465,-0.016549769788980484,0.021018613129854202,0,0,0,0
11140,-0.018221789970993996,-0.02213084138929844,0.01952216401696205,0,0,0,0
11150,-0.01834510639309883,-0.023148566484451294,0.019434750080108643,0,0,0,0
11160,-0.018469858914613724,-0.024178486317396164,0.019346734508872032,0,0,0,0
11170,-0.01859494112432003,-0.02522098831832409,0.019259095191955566,0,0,0,0
11180,-0.021896712481975555,-0.01831085793673992,0.01935655251145363,0,0,0,0
11190,-0.022194165736436844,-0.018939416855573654,0.019287418574094772,0,0,0,0
11200,-0.02330373413860798,-0.018914666026830673,0.01923149824142456,0,0,0,0
11210,-0.022213486954569817,-0.019229626283049583,0.019230438396334648,0,0,0,0
11220,-0.021790821105241776,-0.018062373623251915,0.019293854013085365,0,0,0,0
11230,-0.015842482447624207,-0.0181573498994112,0.019649269059300423,0,0,0,0
11240,-0.006749230902642012,-0.019944356754422188,0.019328245893120766,0,0,0,0
11250,-0.00696695176884532,-0.020018091425299644,0.019392652437090874,0,0,0,0
11260,-0.006401266902685165,-0.02057207189500332,0.019355107098817825,0,0,0,0
11270,-0.00896848738193512,-0.026455216109752655,0.01961391605436802,0,0,0,0
11280,-0.007991508580744267,-0.026701591908931732,0.019612619653344154,0,0,0,0
11290,-0.008411532267928123,-0.027255740016698837,0.0196793545037508,0,0,0,0
11300,-0.008548865094780922,-0.025898609310388565,0.01992226392030716,0,0,0,0
11310,-0.008177277632057667,-0.026532430201768875,0.018673125654459,0,0,0,0
11320,-0.008033019490540028,-0.02316932938992977,0.018826019018888474,0,0,0,0
11330,-0.008447874337434769,-0.027160895988345146,0.018700361251831055,0,0,0,0
11340,-0.008545959368348122,-0.026418184861540794,0.01875518448650837,0,0,0,0
11350,-0.008645071648061275,-0.02569456212222576,0.01880939118564129,0,0,0,0
11360,-0.010570352897047997,-0.025573212653398514,0.019364498555660248,0,0,0,0
11370,-0.017885446548461914,-0.019995208829641342,0.01967090368270874,0,0,0,0
11380,-0.01680941693484783,-0.013936595991253853,0.019698994234204292,0,0,0,0
11390,-0.017044007778167725,-0.012925172224640846,0.019656609743833542,0,0,0,0
11400,-0.017144139856100082,-0.012797367759048939,0.0193976778537035,0,0,0,0
11410,-0.01977642811834812,-0.012823833152651787,0.019344298169016838,0,0,0,0
11420,-0.01606729067862034,-0.011282488703727722,0.01943967491388321,0,0,0,0
11430,-0.01632135733962059,-0.012101782485842705,0.01949462853372097,0,0,0,0
11440,-0.016038723289966583,-0.012152338400483131,0.02011774852871895,0,0,0,0
11450,-0.017042923718690872,-0.009651925414800644,0.020080652087926865,0,0,0,0
11460,-0.01627759262919426,-0.01271103322505951,0.020288385450839996,0,0,0,0
11470,-0.016046080738306046,-0.012716937810182571,0.02033885382115841,0,0,0,0
11480,-0.016786055639386177,-0.012732199393212795,0.020383227616548538,0,0,0,0
11490,-0.015091310255229473,-0.013724442571401596,0.019082510843873024,0,0,0,0
11500,-0.016786130145192146,-0.013009915128350258,0.019059792160987854,0,0,0,0
11510,-0.016773253679275513,-0.012544994242489338,0.019032152369618416,0,0,0,0
11520,-0.015817921608686447,-0.011844960041344166,0.0190056711435318,0,0,0,0
11530,-0.016061032190918922,-0.013512915000319481,0.01861492171883583,0,0,0,0
11540,-0.01909402385354042,-0.008844454772770405,0.018541954457759857,0,0,0,0
11550,-0.01999697834253311,-0.0049420567229390144,0.01831969805061817,0,0,0,0
11560,-0.01997373439371586,-0.004075612872838974,0.018239611759781837,0,0,0,0
11570,-0.019967881962656975,-0.0031264766585081816,0.019238028675317764,0,0,0,0
11580,-0.020639466121792793,-0.004087223671376705,0.01932583935558796,0,0,0,0
11590,-0.02085825428366661,-0.0036147867795079947,0.019328229129314423,0,0,0,0
11600,-0.021078601479530334,-0.0031348050106316805,0.019330255687236786,0,0,0,0
11610,-0.02203361690044403,-0.003241728525608778,0.019349755719304085,0,0,0,0
11620,-0.020237144082784653,-0.003318586852401495,0.019706588238477707,0,0,0,0
11630,-0.020709482952952385,-0.0036388945300132036,0.019757108762860298,0,0,0,0
11640,-0.021906929090619087,-0.0034603343810886145,0.019769519567489624,0,0,0,0
11650,-0.02090747468173504,-0.0035164703149348497,0.019852053374052048,0,0,0,0
11660,-0.02106449566781521,-0.003164681140333414,0.019523289054632187,0,0,0,0
11670,-0.021227441728115082,-0.0027890964411199093,0.019526496529579163,0,0,0,0
11680,-0.015830250456929207,-0.005299233365803957,0.01973103918135166,0,0,0,0
11690,-0.01587456278502941,-0.006402304861694574,0.019777581095695496,0,0,0,0
11700,-0.015716291964054108,-0.006280119065195322,0.01947309821844101,0,0,0,0
11710,-0.015556671656668186,-0.0061401198618113995,0.019474361091852188,0,0,0,0
11720,-0.01298985444009304,-0.005036727525293827,0.019406992942094803,0,0,0,0
11730,-0.012682093307375908,-0.004831843078136444,0.01940338872373104,0,0,0,0
11740,-0.013209950178861618,-0.005997322965413332,0.019698990508913994,0,0,0,0
11750,-0.012940971180796623,-0.0058669145219028,0.01971675641834736,0,0,0,0
11760,-0.012664346024394035,-0.005735504906624556,0.019734563305974007,0,0,0,0
11770,-0.01401558332145214,-0.005799812264740467,0.019810926169157028,0,0,0,0
11780,-0.012609774246811867,-0.00586147652938962,0.01980333961546421,0,0,0,0
11790,-0.01417391188442707,-0.005895822308957577,0.01995209790766239,0,0,0,0
11800,-0.015381168574094772,-0.0030758818611502647,0.01998196914792061,0,0,0,0
11810,-0.013446513563394547,-0.005972325801849365,0.020092543214559555,0,0,0,0
11820,-0.012128687463700771,-0.006550760939717293,0.020104048773646355,0,0,0,0
11830,-0.013276169076561928,-0.006282356567680836,0.020558662712574005,0,0,0,0
11840,-0.012531026266515255,-0.0065627130679786205,0.020608507096767426,0,0,0,0
11850,-0.014150815084576607,-0.006046776194125414,0.02070467360317707,0,0,0,0
11860,-0.013659795746207237,-0.006065076217055321,0.020762959495186806,0,0,0,0
11870,-0.013693205080926418,-0.005325678735971451,0.020468495786190033,0,0,0,0
11880,-0.013725344091653824,-0.00609899777919054,0.020515965297818184,0,0,0,0
11890,-0.016005083918571472,-0.011373749934136868,0.02058691345155239,0,0,0,0
11900,-0.016460856422781944,-0.012023434974253178,0.020605437457561493,0,0,0,0
11910,-0.015992648899555206,-0.010845117270946503,0.02073766477406025,0,0,0,0
11920,-0.01645706035196781,-0.012203670106828213,0.020007390528917313,0,0,0,0
11930,-0.016225064173340797,-0.010378062725067139,0.020095590502023697,0,0,0,0
11940,-0.016220377758145332,-0.011258103884756565,0.020092707127332687,0,0,0,0
11950,-0.016217496246099472,-0.010143095627427101,0.020143449306488037,0,0,0,0
11960,-0.01337600126862526,-0.010135794058442116,0.019703609868884087,0,0,0,0
11970,-0.013167421333491802,-0.010135161690413952,0.01969228684902191,0,0,0,0
11980,-0.013181377202272415,-0.009264953434467316,0.019694920629262924,0,0,0,0
11990,-0.012981446459889412,-0.0092641431838274,0.019683755934238434,0,0,0,0
12000,-0.013839422725141048,-0.009899481199681759,0.019817259162664413,0,0,0,0
12010,-0.018719030544161797,-0.00798944104462862,0.019874513149261475,0,0,0,0
12020,-0.018503112718462944,-0.007157814223319292,0.019881578162312508,0,0,0,0
12030,-0.018706737086176872,-0.0077872746624052525,0.01989823207259178,0,0,0,0
12040,-0.020576339215040207,-0.00903113093227148,0.019510546699166298,0,0,0,0
12050,-0.02119019813835621,-0.004882665816694498,0.01948080025613308,0,0,0,0
12060,-0.02201700024306774,-0.00447295093908906,0.01942165568470955,0,0,0,0
12070,-0.020992238074541092,-0.004476811271160841,0.0194852352142334,0,0,0,0
12080,-0.02201148495078087,-0.004476204514503479,0.019436536356806755,0,0,0,0
12090,-0.022318096831440926,-0.004270025994628668,0.020043423399329185,0,0,0,0
12100,-0.022625267505645752,-0.004064439795911312,0.02005058340728283,0,0,0,0
12110,-0.023498857393860817,-0.004088882822543383,0.020038872957229614,0,0,0,0
12120,-0.022828368470072746,-0.004087526351213455,0.02011570706963539,0,0,0,0
12130,-0.023120958358049393,-0.003898532595485449,0.020483307540416718,0,0,0,0
12140,-0.023082004860043526,-0.005100427661091089,0.020560339093208313,0,0,0,0
12150,-0.02304302155971527,-0.0044124010019004345,0.020598100498318672,0,0,0,0
12160,-0.023938875645399094,-0.004427553620189428,0.020613210275769234,0,0,0,0
12170,-0.022755105048418045,-0.004451656714081764,0.02042526751756668,0,0,0,0
12180,-0.026095367968082428,0.00046621516230516136,0.02033241093158722,0,0,0,0
12190,-0.026952752843499184,0.00043424966861493886,0.02034628391265869,0,0,0,0
12200,-0.026249026879668236,0.0004044055531267077,0.020455382764339447,0,0,0,0
12210,-0.026880919933319092,0.0008157441043294966,0.020453041419386864,0,0,0,0
12220,-0.0316641740500927,-0.0029024153482168913,0.02070494554936886,0,0,0,0
12230,-0.03616100177168846,-0.002269345335662365,0.02037614956498146,0,0,0,0
12240,-0.036987170577049255,-0.0016358662396669388,0.020382903516292572,0,0,0,0
12250,-0.03633513301610947,-0.0014196274569258094,0.020641926676034927,0,0,0,0
12260,-0.03778044879436493,-0.0008013153565116227,0.020324047654867172,0,0,0,0
12270,-0.03631635382771492,-0.0018515564734116197,0.02062065154314041,0,0,0,0
12280,-0.03630416467785835,-0.002067210618406534,0.020717749372124672,0,0,0,0
12290,-0.03700922057032585,-0.0019425514619797468,0.020741363987326622,0,0,0,0
12300,-0.03691405802965164,-0.0028578443452715874,0.0200687013566494,0,0,0,0
12310,-0.03709433972835541,-0.009186558425426483,0.020069338381290436,0,0,0,0
12320,-0.0377441942691803,-0.009533409960567951,0.020050348713994026,0,0,0,0
12330,-0.038128770887851715,-0.010409964248538017,0.020009201020002365,0,0,0,0
12340,-0.03824680298566818,-0.016526103019714355,0.01948978193104267,0,0,0,0
12350,-0.03366332873702049,-0.023656269535422325,0.019228508695960045,0,0,0,0
12360,-0.033422864973545074,-0.02444683574140072,0.019232584163546562,0,0,0,0
12370,-0.033634573221206665,-0.024579057469964027,0.01937498338520527,0,0,0,0
12380,-0.03391014039516449,-0.02567446045577526,0.019327905029058456,0,0,0,0
12390,-0.033902138471603394,-0.02567186765372753,0.019196370616555214,0,0,0,0
12400,-0.034820739179849625,-0.033188894391059875,0.018350375816226006,0,0,0,0
12410,-0.034820739179849625,-0.033188894391059875,0.018350375816226006,0,0,0,0
12420,-0.035325851291418076,-0.03431236371397972,0.018542490899562836,0,0,0,0
12430,-0.035353828221559525,-0.03433886170387268,0.0191124826669693,0,0,0,0
12440,-0.03631112724542618,-0.03278043866157532,0.019493993371725082,0,0,0,0
12450,-0.04422415792942047,-0.03155304118990898,0.019635463133454323,0,0,0,0
12460,-0.04192236065864563,-0.027263443917036057,0.020633921027183533,0,0,0,0
12470,-0.04086260125041008,-0.026902584359049797,0.020919620990753174,0,0,0,0
12480,-0.04075319692492485,-0.02650628611445427,0.020663846284151077,0,0,0,0
12490,-0.04214111715555191,-0.025816939771175385,0.020854005590081215,0,0,0,0
12500,-0.04214111715555191,-0.025816939771175385,0.020854005590081215,0,0,0,0
12510,-0.04303054139018059,-0.02570846676826477,0.020923320204019547,0,0,0,0
12520,-0.04120586812496185,-0.025325287133455276,0.020715421065688133,0,0,0,0
12530,-0.04452190175652504,-0.026434071362018585,0.020666245371103287,0,0,0,0
12540,-0.042067497968673706,-0.026364754885435104,0.020889345556497574,0,0,0,0
12550,-0.042241327464580536,-0.02534940280020237,0.021000908687710762,0,0,0,0
12560,-0.04265391081571579,-0.025305040180683136,0.02066383883357048,0,0,0,0
12570,-0.045172639191150665,-0.02990371361374855,0.020578380674123764,0,0,0,0
12580,-0.0432802177965641,-0.02915382757782936,0.020787715911865234,0,0,0,0
12590,-0.04323991760611534,-0.029771726578474045,0.020834092050790787,0,0,0,0
12600,-0.04328945651650429,-0.02857101336121559,0.020640477538108826,0,0,0,0
12610,-0.04328945651650429,-0.02857101336121559,0.020640477538108826,0,0,0,0
12620,-0.04418838769197464,-0.02921551838517189,0.020647771656513214,0,0,0,0
12630,-0.04321993514895439,-0.03009027987718582,0.020695162937045097,0,0,0,0
12640,-0.04248881712555885,-0.02933654747903347,0.02079155296087265,0,0,0,0
12650,-0.04016070440411568,-0.03063570335507393,0.020509302616119385,0,0,0,0
12660,-0.04106684774160385,-0.031085921451449394,0.020534340292215347,0,0,0,0
12670,-0.04120810702443123,-0.031574539840221405,0.020548073574900627,0,0,0,0
12680,-0.04118965566158295,-0.031971774995326996,0.020565101876854897,0,0,0,0
12690,-0.04140053316950798,-0.03235870972275734,0.020363567396998405,0,0,0,0
12700,-0.04232516884803772,-0.03880919888615608,0.020164040848612785,0,0,0,0
12710,-0.0425279401242733,-0.03665214404463768,0.020419372245669365,0,0,0,0
12720,-0.04182778671383858,-0.03658377006649971,0.020484576001763344,0,0,0,0
12730,-0.04159032553434372,-0.036517586559057236,0.02033860795199871,0,0,0,0
12740,-0.042477600276470184,-0.036475613713264465,0.020365679636597633,0,0,0,0
12750,-0.04236028715968132,-0.03766782209277153,0.020367804914712906,0,0,0,0
12760,-0.04236028715968132,-0.03766782209277153,0.020367804914712906,0,0,0,0
12770,-0.04165119677782059,-0.036904577165842056,0.020459212362766266,0,0,0,0
12780,-0.04232349619269371,-0.03589837625622749,0.019910717383027077,0,0,0,0
12790,-0.03997590020298958,-0.03452314808964729,0.019922815263271332,0,0,0,0
12800,-0.03997590020298958,-0.03452314808964729,0.019922815263271332,0,0,0,0
12810,-0.039742205291986465,-0.03328532725572586,0.019917236641049385,0,0,0,0
12820,-0.04069121927022934,-0.03421388193964958,0.020804325118660927,0,0,0,0
12830,-0.0406821072101593,-0.03442250192165375,0.020841939374804497,0,0,0,0
12840,-0.0406821072101593,-0.03442250192165375,0.020841939374804497,0,0,0,0
12850,-0.041215356439352036,-0.03462478518486023,0.02088596299290657,0,0,0,0
12860,-0.04120499640703201,-0.0335531122982502,0.02096559852361679,0,0,0,0
12870,-0.03644004836678505,-0.02949714846909046,0.021026862785220146,0,0,0,0
12880,-0.03644004836678505,-0.02949714846909046,0.021026862785220146,0,0,0,0
12890,-0.037236567586660385,-0.03001532144844532,0.021151438355445862,0,0,0,0
12900,-0.036789923906326294,-0.03028476983308792,0.021204255521297455,0,0,0,0
12910,-0.036843277513980865,-0.03053593449294567,0.020295126363635063,0,0,0,0
12920,-0.03759225457906723,-0.03007345087826252,0.020309817045927048,0,0,0,0
12930,-0.03691248223185539,-0.028458213433623314,0.020258916541934013,0,0,0,0
12940,-0.037402451038360596,-0.0291814636439085,0.02030843496322632,0,0,0,0
12950,-0.03698071092367172,-0.028514862060546875,0.019750695675611496,0,0,0,0
12960,-0.03950531780719757,-0.028070928528904915,0.0197580736130476,0,0,0,0
12970,-0.03726143389940262,-0.030562154948711395,0.01980775222182274,0,0,0,0
12980,-0.03772993013262749,-0.029671890661120415,0.0197812058031559,0,0,0,0
12990,-0.037869397550821304,-0.029171105474233627,0.019463011994957924,0,0,0,0
13000,-0.037665750831365585,-0.03063110075891018,0.019437436014413834,0,0,0,0
13010,-0.0368419885635376,-0.030634280294179916,0.01937846839427948,0,0,0,0
13020,-0.037866897881031036,-0.02960357256233692,0.019352251663804054,0,0,0,0
13030,-0.03668149560689926,-0.030376030132174492,0.019149860367178917,0,0,0,0
13040,-0.037254929542541504,-0.030015427619218826,0.019157638773322105,0,0,0,0
13050,-0.037251539528369904,-0.03062543086707592,0.019107487052679062,0,0,0,0
13060,-0.037846509367227554,-0.029623661190271378,0.0190589502453804,0,0,0,0
13070,-0.03724590316414833,-0.03062174841761589,0.01901360973715782,0,0,0,0
13080,-0.03485759347677231,-0.030824363231658936,0.01895230822265148,0,0,0,0
13090,-0.03445197269320488,-0.031613465398550034,0.018888363614678383,0,0,0,0
13100,-0.034641966223716736,-0.03161327913403511,0.018846964463591576,0,0,0,0
13110,-0.034827932715415955,-0.03162084519863129,0.01880682446062565,0,0,0,0
13120,-0.034209344536066055,-0.03511842340230942,0.019575193524360657,0,0,0,0
13130,-0.03323177993297577,-0.03825679421424866,0.019439877942204475,0,0,0,0
13140,-0.032921917736530304,-0.03865545243024826,0.019427085295319557,0,0,0,0
13150,-0.03260773420333862,-0.039057716727256775,0.019415123388171196,0,0,0,0
13160,-0.0326169915497303,-0.03838486596941948,0.01968894526362419,0,0,0,0
13170,-0.032214123755693436,-0.04349953681230545,0.01947072148323059,0,0,0,0
13180,-0.031371112912893295,-0.04347081109881401,0.019505031406879425,0,0,0,0
13190,-0.03179563209414482,-0.042826149612665176,0.019655873998999596,0,0,0,0
13200,-0.03144846856594086,-0.043415531516075134,0.01966206170618534,0,0,0,0
13210,-0.03110111691057682,-0.04395580291748047,0.020589016377925873,0,0,0,0
13220,-0.031140495091676712,-0.04294586181640625,0.020759597420692444,0,0,0,0
13230,-0.03118489682674408,-0.044044479727745056,0.02079952321946621,0,0,0,0
13240,-0.03121866285800934,-0.04467082768678665,0.020863695070147514,0,0,0,0
13250,-0.03308067470788956,-0.04483915492892265,0.020243827253580093,0,0,0,0
13260,-0.031521089375019073,-0.043891701847314835,0.02032989263534546,0,0,0,0
13270,-0.0315389484167099,-0.04364502429962158,0.020386895164847374,0,0,0,0
13280,-0.031550370156764984,-0.044501639902591705,0.02040071226656437,0,0,0,0
13290,-0.034155044704675674,-0.04144745692610741,0.02117740549147129,0,0,0,0
13300,-0.03412395715713501,-0.0416337214410305,0.021250851452350616,0,0,0,0
13310,-0.034127794206142426,-0.04138929396867752,0.021326206624507904,0,0,0,0
13320,-0.03413401171565056,-0.04046335816383362,0.021402284502983093,0,0,0,0
13330,-0.03413936495780945,-0.04090229794383049,0.021480461582541466,0,0,0,0
13340,-0.03941763564944267,-0.04442361742258072,0.022143932059407234,0,0,0,0
13350,-0.03939841315150261,-0.0435199998319149,0.022318311035633087,0,0,0,0
13360,-0.03938537836074829,-0.04437839984893799,0.022441323846578598,0,0,0,0
13370,-0.0396704375743866,-0.04467497766017914,0.02256101928651333,0,0,0,0
13380,-0.03963799029588699,-0.04692405089735985,0.021950865164399147,0,0,0,0
13390,-0.035540465265512466,-0.049148719757795334,0.02210809476673603,0,0,0,0
13400,-0.03531717136502266,-0.049102336168289185,0.022223148494958878,0,0,0,0
13410,-0.034650057554244995,-0.0490666963160038,0.022333268076181412,0,0,0,0
13420,-0.034649524837732315,-0.04613739624619484,0.02157147414982319,0,0,0,0
13430,-0.034580130130052567,-0.04640760272741318,0.021600279957056046,0,0,0,0
13440,-0.03504880517721176,-0.046382494270801544,0.021642794832587242,0,0,0,0
13450,-0.034824054688215256,-0.04634913057088852,0.02167539671063423,0,0,0,0
13460,-0.035280440002679825,-0.04698237404227257,0.02101055346429348,0,0,0,0
13470,-0.035260774195194244,-0.04724615812301636,0.02099519781768322,0,0,0,0
13480,-0.03524079546332359,-0.04751267656683922,0.020979151129722595,0,0,0,0
13490,-0.035246558487415314,-0.04771330952644348,0.020964235067367554,0,0,0,0
13500,-0.03624540939927101,-0.047664906829595566,0.020960556343197823,0,0,0,0
13510,-0.0345359705388546,-0.047126177698373795,0.02056022174656391,0,0,0,0
13520,-0.03211740404367447,-0.04806113243103027,0.02049420028924942,0,0,0,0
13530,-0.03238802030682564,-0.04801756143569946,0.020473798736929893,0,0,0,0
13540,-0.032215993851423264,-0.04825384169816971,0.020435217767953873,0,0,0,0
13550,-0.032040175050497055,-0.048482924699783325,0.01983199268579483,0,0,0,0
13560,-0.031293366104364395,-0.048945337533950806,0.019746391102671623,0,0,0,0
13570,-0.03238579258322716,-0.04835771769285202,0.019724559038877487,0,0,0,0
13580,-0.03345440700650215,-0.0483148992061615,0.019682498648762703,0,0,0,0
13590,-0.03244427964091301,-0.04725417122244835,0.019626878201961517,0,0,0,0
13600,-0.03271433711051941,-0.04723770543932915,0.02012937143445015,0,0,0,0
13610,-0.032598696649074554,-0.047350913286209106,0.020094359293580055,0,0,0,0
13620,-0.032617323100566864,-0.046827282756567,0.020062947645783424,0,0,0,0
13630,-0.031598467379808426,-0.04576558619737625,0.020016886293888092,0,0,0,0
13640,-0.03163151443004608,-0.046535395085811615,0.020804842934012413,0,0,0,0
13650,-0.03147611394524574,-0.04659052938222885,0.020818686112761497,0,0,0,0
13660,-0.03258681669831276,-0.04630584642291069,0.02085183560848236,0,0,0,0
13670,-0.03155640512704849,-0.046826958656311035,0.02086379937827587,0,0,0,0
13680,-0.031415149569511414,-0.04688375070691109,0.020542629063129425,0,0,0,0
13690,-0.031453222036361694,-0.04713517799973488,0.020545531064271927,0,0,0,0
13700,-0.03131130710244179,-0.04720107093453407,0.020547479391098022,0,0,0,0
13710,-0.03135251998901367,-0.0477459691464901,0.020550552755594254,0,0,0,0
13720,-0.031397029757499695,-0.04577060788869858,0.020566951483488083,0,0,0,0
13730,-0.032808005809783936,-0.04440195485949516,0.020741919055581093,0,0,0,0
13740,-0.03281976655125618,-0.046321626752614975,0.020781202241778374,0,0,0,0
13750,-0.03202749416232109,-0.04659135267138481,0.020791061222553253,0,0,0,0
13760,-0.032044410705566406,-0.047641150653362274,0.02079944871366024,0,0,0,0
13770,-0.031805459409952164,-0.04762996733188629,0.02088252641260624,0,0,0,0
13780,-0.0343964509665966,-0.051971185952425,0.020883986726403236,0,0,0,0
13790,-0.03386484831571579,-0.048859525471925735,0.02102174609899521,0,0,0,0
13800,-0.0336037240922451,-0.049832988530397415,0.02103039063513279,0,0,0,0
13810,-0.032610729336738586,-0.04857322573661804,0.02104968950152397,0,0,0,0
13820,-0.036301545798778534,-0.048556774854660034,0.021077217534184456,0,0,0,0
13830,-0.03289153799414635,-0.04878805950284004,0.021185731515288353,0,0,0,0
13840,-0.03266223520040512,-0.04877006635069847,0.021209705621004105,0,0,0,0
13850,-0.03273765370249748,-0.04892199486494064,0.020382564514875412,0,0,0,0
13860,-0.03269170597195625,-0.048999588936567307,0.02035658061504364,0,0,0,0
13870,-0.03264462575316429,-0.049074687063694,0.020331405103206635,0,0,0,0
13880,-0.03363167494535446,-0.04905404523015022,0.02031254768371582,0,0,0,0
13890,-0.03364482522010803,-0.04912157356739044,0.0202882532030344,0,0,0,0
13900,-0.03365737944841385,-0.04918989911675453,0.020153123885393143,0,0,0,0
13910,-0.03366946429014206,-0.04925808683037758,0.020124362781643867,0,0,0,0
13920,-0.033681921660900116,-0.04932592064142227,0.020095285028219223,0,0,0,0
13930,-0.03369487449526787,-0.0493924655020237,0.020065229386091232,0,0,0,0
13940,-0.03336520493030548,-0.049353551119565964,0.020850101485848427,0,0,0,0
13950,-0.03335960581898689,-0.04941287636756897,0.020871145650744438,0,0,0,0
13960,-0.033024415373802185,-0.050720445811748505,0.020887449383735657,0,0,0,0
13970,-0.03299659118056297,-0.05085394158959389,0.020908620208501816,0,0,0,0
13980,-0.034639786928892136,-0.04931124299764633,0.020978428423404694,0,0,0,0
13990,-0.03470233827829361,-0.049352359026670456,0.02100330777466297,0,0,0,0
14000,-0.03311174735426903,-0.050766196101903915,0.021059690043330193,0,0,0,0
14010,-0.03308495879173279,-0.05087928846478462,0.021087655797600746,0,0,0,0
14020,-0.033134810626506805,-0.05010959133505821,0.021127797663211823,0,0,0,0
14030,-0.033112090080976486,-0.050177201628685,0.021102214232087135,0,0,0,0
14040,-0.03224392607808113,-0.053662560880184174,0.02111426368355751,0,0,0,0
14050,-0.032177530229091644,-0.053906966000795364,0.02113788202404976,0,0,0,0
14060,-0.03172415494918823,-0.053759511560201645,0.02117847464978695,0,0,0,0
14070,-0.0312072541564703,-0.056424349546432495,0.020222172141075134,0,0,0,0
14080,-0.032045166939496994,-0.0493173785507679,0.02047927863895893,0,0,0,0
14090,-0.032331399619579315,-0.04932344704866409,0.020468326285481453,0,0,0,0
14100,-0.03228770196437836,-0.04929545521736145,0.020454756915569305,0,0,0,0
14110,-0.03258080035448074,-0.05013469234108925,0.020674265921115875,0,0,0,0
14120,-0.03255435451865196,-0.05014929920434952,0.02067415788769722,0,0,0,0
14130,-0.032530028373003006,-0.050161879509687424,0.02067396603524685,0,0,0,0
14140,-0.033716700971126556,-0.05045714229345322,0.020677193999290466,0,0,0,0
14150,-0.03107285499572754,-0.05045310780405998,0.02070414274930954,0,0,0,0
14160,-0.03364305943250656,-0.05044100806117058,0.020852869376540184,0,0,0,0
14170,-0.03278885409235954,-0.05043652281165123,0.020871423184871674,0,0,0,0
14180,-0.03278225660324097,-0.05045239254832268,0.020883681252598763,0,0,0,0
14190,-0.032501332461833954,-0.04929831251502037,0.020892396569252014,0,0,0,0
14200,-0.02857576496899128,-0.0487588606774807,0.020533360540866852,0,0,0,0
14210,-0.028648793697357178,-0.04961736127734184,0.02054128237068653,0,0,0,0
14220,-0.028716551139950752,-0.04854651167988777,0.020533226430416107,0,0,0,0
14230,-0.0285161305218935,-0.04846471548080444,0.020524349063634872,0,0,0,0
14240,-0.029707614332437515,-0.047943051904439926,0.01995599828660488,0,0,0,0
14250,-0.029572417959570885,-0.04783490672707558,0.019919676706194878,0,0,0,0
14260,-0.02943616919219494,-0.04772487282752991,0.01988460309803486,0,0,0,0
14270,-0.030994899570941925,-0.04717345908284187,0.019867558032274246,0,0,0,0
14280,-0.028380094096064568,-0.05487910285592079,0.019991734996438026,0,0,0,0
14290,-0.022417131811380386,-0.053629860281944275,0.019923869520425797,0,0,0,0
14300,-0.023676224052906036,-0.053574338555336,0.019996901974081993,0,0,0,0
14310,-0.022986266762018204,-0.05324139818549156,0.019975898787379265,0,0,0,0
14320,-0.023661021143198013,-0.05347110331058502,0.02001315727829933,0,0,0,0
14330,-0.028302283957600594,-0.04784994199872017,0.019045179709792137,0,0,0,0
14340,-0.029631515964865685,-0.046076834201812744,0.018938366323709488,0,0,0,0
14350,-0.030663102865219116,-0.03818097338080406,0.01854267343878746,0,0,0,0
14360,-0.029897287487983704,-0.03858523815870285,0.018598008900880814,0,0,0,0
14370,-0.02989266812801361,-0.03794672340154648,0.018712056800723076,0,0,0,0
14380,-0.02988915704190731,-0.039158497005701065,0.018788177520036697,0,0,0,0
14390,-0.028612885624170303,-0.038267869502305984,0.018719175830483437,0,0,0,0
14400,-0.02963142655789852,-0.039407093077898026,0.018802814185619354,0,0,0,0
14410,-0.03258083388209343,-0.04364882409572601,0.020640583708882332,0,0,0,0
14420,-0.03274931013584137,-0.043445292860269547,0.02071257308125496,0,0,0,0
14430,-0.03270374983549118,-0.0432395413517952,0.020790979266166687,0,0,0,0
14440,-0.032865360379219055,-0.04303320497274399,0.02086329273879528,0,0,0,0
14450,-0.036029111593961716,-0.0460435189306736,0.020896412432193756,0,0,0,0
14460,-0.033085815608501434,-0.04270251467823982,0.020337967202067375,0,0,0,0
14470,-0.03253448009490967,-0.04327579587697983,0.020400194451212883,0,0,0,0
14480,-0.03275828808546066,-0.04255739226937294,0.020427649840712547,0,0,0,0
14490,-0.032737862318754196,-0.043341461569070816,0.020489655435085297,0,0,0,0
14500,-0.030294643715023994,-0.04868047684431076,0.021675406023859978,0,0,0,0
14510,-0.029097527265548706,-0.04672859609127045,0.02185394987463951,0,0,0,0
14520,-0.03265782445669174,-0.04127078130841255,0.02216195873916149,0,0,0,0
14530,-0.03275994211435318,-0.04100010171532631,0.02228711172938347,0,0,0,0
14540,-0.032724637538194656,-0.04086155444383621,0.020564096048474312,0,0,0,0
14550,-0.02759595215320587,-0.04358996823430061,0.02071012742817402,0,0,0,0
14560,-0.03270595148205757,-0.03876389190554619,0.020866401493549347,0,0,0,0
14570,-0.03293149545788765,-0.03906170651316643,0.020929602906107903,0,0,0,0
14580,-0.032908860594034195,-0.03768755868077278,0.020913390442728996,0,0,0,0
14590,-0.031244425103068352,-0.04221612215042114,0.020773543044924736,0,0,0,0
14600,-0.031253982335329056,-0.04208312928676605,0.020797457545995712,0,0,0,0
14610,-0.032234858721494675,-0.042103659361600876,0.020824596285820007,0,0,0,0
14620,-0.03102615848183632,-0.042123232036828995,0.02085769921541214,0,0,0,0
14630,-0.03101462870836258,-0.04201556742191315,0.020509181544184685,0,0,0,0
14640,-0.03100431337952614,-0.04189630597829819,0.02050948515534401,0,0,0,0
14650,-0.0309926588088274,-0.04177624732255936,0.020507721230387688,0,0,0,0
14660,-0.031274937093257904,-0.04181951656937599,0.02050606533885002,0,0,0,0
14670,-0.03127172589302063,-0.041061680763959885,0.01950191706418991,0,0,0,0
14680,-0.032343726605176926,-0.04352185130119324,0.019467396661639214,0,0,0,0
14690,-0.0324043408036232,-0.043514251708984375,0.019408609718084335,0,0,0,0
14700,-0.03361570090055466,-0.04273715242743492,0.019360700622200966,0,0,0,0
14710,-0.03374506160616875,-0.042689260095357895,0.019302748143672943,0,0,0,0
14720,-0.03804344683885574,-0.04430166631937027,0.020280277356505394,0,0,0,0
14730,-0.03839576244354248,-0.0443413145840168,0.020273251459002495,0,0,0,0
14740,-0.038373563438653946,-0.04428029805421829,0.020291663706302643,0,0,0,0
14750,-0.03871600329875946,-0.04431692883372307,0.020285001024603844,0,0,0,0
14760,-0.0326431579887867,-0.04782038554549217,0.01991882734000683,0,0,0,0
14770,-0.03264826163649559,-0.04804549366235733,0.01989368163049221,0,0,0,0
14780,-0.03291214630007744,-0.04824332520365715,0.01987207867205143,0,0,0,0
14790,-0.03293008357286453,-0.048478465527296066,0.019846877083182335,0,0,0,0
14800,-0.03155351057648659,-0.048413876444101334,0.019125375896692276,0,0,0,0
14810,-0.031497541815042496,-0.04864346608519554,0.019058970734477043,0,0,0,0
14820,-0.03151879459619522,-0.04745097458362579,0.019031910225749016,0,0,0,0
14830,-0.03146267309784889,-0.047610990703105927,0.01896999403834343,0,0,0,0
14840,-0.03030562959611416,-0.04814956709742546,0.01888207346200943,0,0,0,0
14850,-0.031221039593219757,-0.04779261723160744,0.020085012540221214,0,0,0,0
14860,-0.03123854100704193,-0.047173116356134415,0.020106477662920952,0,0,0,0
14870,-0.03125731274485588,-0.047403864562511444,0.020116904750466347,0,0,0,0
14880,-0.03207144886255264,-0.046025343239307404,0.020154718309640884,0,0,0,0
14890,-0.03206423670053482,-0.04606930911540985,0.020103104412555695,0,0,0,0
14900,-0.03156068176031113,-0.047290217131376266,0.02010762132704258,0,0,0,0
14910,-0.03152213990688324,-0.04740506783127785,0.020113930106163025,0,0,0,0
14920,-0.031074095517396927,-0.04723620414733887,0.020124908536672592,0,0,0,0
14930,-0.031009040772914886,-0.04734497144818306,0.020486151799559593,0,0,0,0
14940,-0.030859006568789482,-0.0472056120634079,0.020518215373158455,0,0,0,0
14950,-0.030787255614995956,-0.0473012700676918,0.020546266809105873,0,0,0,0
14960,-0.03110467828810215,-0.047179099172353745,0.020581696182489395,0,0,0,0
14970,-0.031056305393576622,-0.04726100713014603,0.020363640040159225,0,0,0,0
14980,-0.03229299560189247,-0.04725171998143196,0.020384011790156364,0,0,0,0
14990,-0.02889230102300644,-0.05235278978943825,0.02039354480803013,0,0,0,0
15000,-0.028919706121087074,-0.05253998190164566,0.020423443987965584,0,0,0,0
15010,-0.029419152066111565,-0.051295191049575806,0.020552903413772583,0,0,0,0
15020,-0.03179892152547836,-0.05172500014305115,0.01993473805487156,0,0,0,0
15030,-0.03181939572095871,-0.052020855247974396,0.019921118393540382,0,0,0,0
15040,-0.03206294775009155,-0.0512290857732296,0.019947098568081856,0,0,0,0
15050,-0.03209900110960007,-0.0514705590903759,0.019939066842198372,0,0,0,0
15060,-0.031088965013623238,-0.048502687364816666,0.019178230315446854,0,0,0,0
15070,-0.03106634132564068,-0.04855852946639061,0.01912609301507473,0,0,0,0
15080,-0.03182632103562355,-0.04905141144990921,0.019077781587839127,0,0,0,0
15090,-0.030580485239624977,-0.05052471160888672,0.01903356984257698,0,0,0,0
15100,-0.03293802961707115,-0.04872078448534012,0.018626859411597252,0,0,0,0
15110,-0.03302585333585739,-0.04876861348748207,0.018554890528321266,0,0,0,0
15120,-0.030666671693325043,-0.05052389204502106,0.018550122156739235,0,0,0,0
15130,-0.03062334470450878,-0.05066189169883728,0.018481124192476273,0,0,0,0
15140,-0.031329359859228134,-0.05064062774181366,0.018418243154883385,0,0,0,0
15150,-0.030625589191913605,-0.05133865401148796,0.019017603248357773,0,0,0,0
15160,-0.030630117282271385,-0.0504058413207531,0.019002418965101242,0,0,0,0
15170,-0.03040718287229538,-0.05130792409181595,0.018963541835546494,0,0,0,0
15180,-0.03063139133155346,-0.050387509167194366,0.01895219087600708,9362,9362,9362,9362
15190,-0.030599933117628098,-0.050476472824811935,0.018528852611780167,9362,9362,9362,9362
15200,-0.030565427616238594,-0.050565753132104874,0.01847553253173828,9362,9362,9362,9362
15210,-0.030817627906799316,-0.04932323470711708,0.018427787348628044,9362,9362,9362,9362
15220,-0.03079749457538128,-0.04932236298918724,0.018376050516963005,9362,9362,9362,9362
15230,-0.03077392652630806,-0.049315519630908966,0.01900624670088291,9362,9362,9362,9362
15240,-0.030752280727028847,-0.04929706081748009,0.018992191180586815,9362,9362,9362,9362
15250,-0.03076356090605259,-0.049608297646045685,0.018980160355567932,9362,9362,9362,9362
15260,-0.030204694718122482,-0.05018102750182152,0.018966667354106903,9362,9362,9362,9362
15270,-0.0302265752106905,-0.04937072843313217,0.01935369148850441,9362,9362,9362,9362
15280,-0.030178094282746315,-0.04932459071278572,0.01935832016170025,9362,9362,9362,9362
15290,-0.03049660101532936,-0.049354031682014465,0.019364651292562485,9362,9362,9362,9362
15300,-0.0313294343650341,-0.04938192665576935,0.01937156543135643,9362,9362,9362,9362
15310,-0.02968551591038704,-0.04886646568775177,0.01937747746706009,9362,9362,9362,9362
15320,-0.030256275087594986,-0.04865487664937973,0.018047919496893883,9362,9362,9362,9362
15330,-0.030764499679207802,-0.048406634479761124,0.01798643358051777,9362,9362,9362,9362
15340,-0.03082355111837387,-0.049255095422267914,0.017944185063242912,9362,9362,9362,9362
15350,-0.030765678733587265,-0.04846947640180588,0.01787828840315342,9362,9362,9362,9362
15360,-0.03185465559363365,-0.052083324640989304,0.017547529190778732,9362,9362,9362,9362
15370,-0.030569875612854958,-0.049279388040304184,0.01751452125608921,9362,9362,9362,9362
15380,-0.030364640057086945,-0.048619866371154785,0.01743820495903492,9362,9362,9362,9362
15390,-0.03032568097114563,-0.04846825450658798,0.01736386865377426,9362,9362,9362,9362
15400,-0.02979687787592411,-0.048232484608888626,0.017565112560987473,9362,9362,9362,9362
15410,-0.030324367806315422,-0.048347678035497665,0.017523538321256638,9362,9362,9362,9362
15420,-0.02961268089711666,-0.04904850944876671,0.017488308250904083,9362,9362,9362,9362
15430,-0.030056510120630264,-0.0483897402882576,0.017442913725972176,9362,9362,9362,9362
15440,-0.030092649161815643,-0.04868335649371147,0.017403805628418922,9362,9362,9362,9362
15450,-0.029190069064497948,-0.0446237213909626,0.016744354739785194,9362,9362,9362,9362
15460,-0.02939526177942753,-0.044701553881168365,0.016690069809556007,9362,9362,9362,9362
15470,-0.029144106432795525,-0.044793225824832916,0.016631564125418663,9362,9362,9362,9362
15480,-0.028940709307789803,-0.04484156146645546,0.016572317108511925,9362,9362,9362,9362
15490,-0.03033103421330452,-0.049364473670721054,0.01685292460024357,9362,9362,9362,9362
15500,-0.02944362908601761,-0.05090533569455147,0.016796179115772247,9362,9362,9362,9362
15510,-0.03031732887029648,-0.05067617446184158,0.01676488108932972,9362,9362,9362,9362
15520,-0.03031659498810768,-0.05070709437131882,0.016723835840821266,9362,9362,9362,9362
15530,-0.030308028683066368,-0.052131641656160355,0.015956321731209755,9362,9362,9362,9362
15540,-0.030072245746850967,-0.050312336534261703,0.01591501198709011,9362,9362,9362,9362
15550,-0.02961329184472561,-0.05035210773348808,0.015829145908355713,9362,9362,9362,9362
15560,-0.02962241694331169,-0.05083606392145157,0.015742093324661255,9362,9362,9362,9362
15570,-0.029844239354133606,-0.05017199367284775,0.016633369028568268,9362,9362,9362,9362
15580,-0.029819156974554062,-0.050133273005485535,0.01661064103245735,9362,9362,9362,9362
15590,-0.029793815687298775,-0.050089191645383835,0.016590425744652748,9362,9362,9362,9362
15600,-0.03031126782298088,-0.05037502199411392,0.016576826572418213,9362,9362,9362,9362
15610,-0.034231554716825485,-0.043600864708423615,0.016526229679584503,9362,9362,9362,9362
15620,-0.03447422757744789,-0.04315255954861641,0.01671545021235943,9362,9362,9362,9362
15630,-0.0347207710146904,-0.04269673302769661,0.01671123132109642,9362,9362,9362,9362
15640,-0.03497060015797615,-0.042230505496263504,0.016708653420209885,9362,9362,9362,9362
15650,-0.035223767161369324,-0.0417538657784462,0.016707563772797585,9362,9362,9362,9362
15660,-0.035430505871772766,-0.040789660066366196,0.015513738617300987,9362,9362,9362,9362
15670,-0.035013340413570404,-0.039838384836912155,0.015438660979270935,9362,9362,9362,9362
15680,-0.035180892795324326,-0.040896181017160416,0.015473049134016037,65502,64835,65531,65305
15690,-0.0353378988802433,-0.0410761758685112,0.015451542101800442,65482,65001,65527,65367
15700,-0.034672774374485016,-0.04123793542385101,0.015457728877663612,65507,64849,65534,65108
15710,-0.035171858966350555,-0.04134656488895416,0.016098354011774063,65535,62501,65523,64956
15720,-0.03572533279657364,-0.04124682396650314,0.016108710318803787,65535,65278,65532,62423
15730,-0.03574180230498314,-0.04031490534543991,0.01606409251689911,65532,65091,65535,61524
15740,-0.03847048804163933,-0.03951652720570564,0.015907160937786102,65494,63892,65535,63668
15750,-0.03852798417210579,-0.038895659148693085,0.01796596869826317,64835,40825,65535,65523
15760,-0.03852325305342674,-0.03856458142399788,0.018106352537870407,64745,65534,65535,39403
15770,-0.03825460374355316,-0.03969555348157883,0.018323898315429688,59716,65470,65535,61343
15780,-0.038790132850408554,-0.039036091417074203,0.018414083868265152,65535,58159,64762,65455
15790,-0.03826718032360077,-0.03796503320336342,0.019581051543354988,65535,62179,65447,65373
15800,-0.03854910284280777,-0.03748336806893349,0.01995747908949852,63221,55800,65535,65515
15810,-0.03641507774591446,-0.03773266822099686,0.020559195429086685,38461,63596,65535,65363
15820,-0.031110897660255432,-0.03497907891869545,0.021174073219299316,26797,65397,65535,58982
15830,-0.03729753568768501,-0.035779498517513275,0.02237064391374588,26788,65531,65535,29802
15840,-0.04002063721418381,-0.0370393805205822,0.016924917697906494,36390,65534,65535,28884
15850,-0.04804907366633415,-0.04059047996997833,0.017874237149953842,62280,64660,65535,46857
15860,-0.04941726475954056,-0.0416228286921978,0.019295405596494675,65535,27256,65519,65258
15870,-0.04860127717256546,-0.041283249855041504,0.021258100867271423,65535,8736,55885,65535
15880,-0.0442013181746006,-0.03785201534628868,0.015987327322363853,65535,11791,36870,65535
15890,-0.04791753739118576,-0.03431946784257889,0.017366033047437668,65535,7631,41129,65535
15900,-0.049213849008083344,-0.03265068680047989,0.019247764721512794,65533,15859,61421,65535
15910,-0.04920295998454094,-0.03147430345416069,0.021548641845583916,43518,63547,65535,64062
15920,-0.04993795230984688,-0.030473709106445312,0.024980319663882256,6844,65534,65535,39976
15930,-0.049074918031692505,-0.024269409477710724,0.02728920429944992,5098,65535,65535,17443
15940,-0.052129849791526794,-0.022714342921972275,0.030116457492113113,4753,65535,65535,11335
15950,-0.05454779416322708,-0.021550048142671585,0.03325328975915909,6979,65533,65535,10245
15960,-0.052331119775772095,-0.02137809619307518,0.04113949090242386,19830,64858,65535,23646
15970,-0.050255440175533295,-0.018461810424923897,0.04502672329545021,62388,2469,65535,65352
15980,-0.05105951428413391,-0.016767466440796852,0.049012795090675354,65487,1735,57281,65535
15990,-0.0469064824283123,-0.020916331559419632,0.054788921028375626,65524,1700,31052,65535
16000,-0.044870536774396896,-0.02143140323460102,0.05969073623418808,65535,3525,17465,65535
16010,-0.043184008449316025,-0.018178096041083336,0.07078921049833298,65535,4698,15319,65535
16020,-0.04537063091993332,-0.01781812682747841,0.07606479525566101,65529,9071,25960,65535
16030,-0.051518429070711136,-0.014979580417275429,0.081057608127594,63627,62818,62078,63631
16040,-0.05263037234544754,-0.014384811744093895,0.08654703944921494,9280,65526,65535,14544
16050,-0.054175179451704025,-0.011023125611245632,0.10193144530057907,2092,65532,65535,7347
16060,-0.056478869169950485,-0.013309354893863201,0.1085575595498085,2256,65535,65535,3692
16070,-0.05923669412732124,-0.012227581813931465,0.11470066756010056,1485,65535,65535,4090
16080,-0.06351875513792038,-0.014162179082632065,0.12110910564661026,1668,65535,65535,3680
16090,-0.06403321027755737,-0.015154208056628704,0.13136053085327148,1134,65533,65535,7520
16100,-0.0659177303314209,-0.014443285763263702,0.13804905116558075,2696,63049,65535,41143
16110,-0.06715179979801178,-0.012784106656908989,0.1448625922203064,28097,3019,64643,65470
16120,-0.06703893095254898,-0.010546307079494,0.15194915235042572,64491,1319,51849,65534
16130,-0.06786348670721054,-0.00828389823436737,0.15896490216255188,65533,2065,18041,65535
16140,-0.06512940675020218,-0.0069018141366541386,0.17355011403560638,65535,3162,3056,65532
16150,-0.06177276372909546,-0.0027787024155259132,0.18125678598880768,65535,3561,776,65527
16160,-0.06569865345954895,0.0012162127532064915,0.1885267049074173,65535,4080,625,65488
16170,-0.06629069149494171,0.002686576684936881,0.196144700050354,65535,5248,340,65205
16180,-0.06646405905485153,0.0034427447244524956,0.19768081605434418,65535,23318,657,63585
16190,-0.06823444366455078,0.00440250476822257,0.20502115786075592,58273,64526,56796,42261
16200,-0.07274790108203888,0.005418223328888416,0.2124127298593521,10567,65477,65535,4201
16210,-0.07545378059148788,0.006683350540697575,0.21976257860660553,1752,65522,65535,5443
16220,-0.08288320153951645,0.005823844578117132,0.22879469394683838,665,65527,65535,5796
16230,-0.09105891734361649,0.005248789209872484,0.2361140102148056,302,65509,65535,7839
16240,-0.09521587193012238,0.007979273796081543,0.2434023767709732,84,65496,65535,10048
16250,-0.10183132439851761,0.01045291032642126,0.25044509768486023,63,65479,65535,12489
16260,-0.10511226952075958,0.013060946948826313,0.257720023393631,46,65122,65535,27705
16270,-0.10871439427137375,0.016280129551887512,0.27186906337738037,51,52774,65535,58766
16280,-0.11058681458234787,0.019764626398682594,0.2796395719051361,1160,372,65535,65509
16290,-0.10881652683019638,0.02483961172401905,0.28770318627357483,19044,15,65429,65534
16300,-0.10661866515874863,0.027549484744668007,0.2959393262863159,57805,136,60048,65534
16310,-0.09789492189884186,0.02944025956094265,0.30882778763771057,65518,1395,27994,65480
16320,-0.09654990583658218,0.026195161044597626,0.3174138367176056,65535,3556,3193,65346
16330,-0.09660477191209793,0.026591740548610687,0.32584309577941895,65535,5482,569,64509
16340,-0.09704267978668213,0.026478221639990807,0.33437466621398926,65535,7823,66,62876
16350,-0.09773256629705429,0.02710217796266079,0.3369348347187042,65535,17712,32,58336
16360,-0.10450262576341629,0.03209865838289261,0.34518569707870483,65535,53923,69,34469
16370,-0.10625983029603958,0.03234757110476494,0.35352611541748047,65535,64924,545,2492
16380,-0.10939162224531174,0.033038243651390076,0.36182764172554016,65534,65533,13979,2
16390,-0.11175506561994553,0.037675805389881134,0.37017834186553955,65227,65534,59865,0
16400,-0.11475706845521927,0.039010725915431976,0.3783027231693268,38197,65535,65529,14
16410,-0.11879103630781174,0.0412406325340271,0.38638678193092346,4729,65535,65535,724
16420,-0.11831185966730118,0.04254869371652603,0.3944321870803833,429,65466,65535,8416
16430,-0.12212514132261276,0.0452827513217926,0.4024253785610199,62,65207,65535,24553
16440,-0.12370587140321732,0.04751988500356674,0.4121458828449249,5,64203,65535,53023
16450,-0.12559284269809723,0.0489039309322834,0.4202086925506592,2,36548,65535,63896
16460,-0.1255684196949005,0.048375897109508514,0.4283280372619629,17,5136,65535,65509
16470,-0.1269981414079666,0.052408527582883835,0.43721044063568115,216,657,65535,65535
16480,-0.1276715248823166,0.053783003240823746,0.4413747787475586,537,127,65535,65535
16490,-0.12997876107692719,0.050172109156847,0.44947031140327454,4037,2,65535,65535
16500,-0.12899832427501678,0.05234391614794731,0.45752012729644775,19683,0,65524,65533
16510,-0.12983618676662445,0.052476514130830765,0.46566256880760193,55330,69,61857,65528
16520,-0.13460077345371246,0.051888640969991684,0.4734160304069519,65403,1799,27838,64881
16530,-0.13484489917755127,0.05179467424750328,0.48166659474372864,65535,5483,2963,60853
16540,-0.1356811821460724,0.050551556050777435,0.4900096654891968,65535,43491,573,31184
16550,-0.138231098651886,0.049007393419742584,0.49846887588500977,65535,62586,318,7591
16560,-0.14174284040927887,0.05798208713531494,0.5068894624710083,65535,65022,730,875
16570,-0.1437167376279831,0.056543659418821335,0.5121175646781921,65535,65509,2269,14
16580,-0.14649127423763275,0.056343212723731995,0.5204318165779114,65535,65534,6862,0
16590,-0.14771735668182373,0.06568798422813416,0.5288174152374268,65516,65535,16458,0
16600,-0.150689497590065,0.06681496649980545,0.5370230078697205,65251,65535,52264,0
16610,-0.15426266193389893,0.06896504759788513,0.54622882604599,38650,65535,65382,4
16620,-0.1531301587820053,0.07168802618980408,0.5543305277824402,577,65166,65535,7347
16630,-0.15691976249217987,0.07427700608968735,0.5623334050178528,33,63971,65535,42283
16640,-0.15740680694580078,0.07815919071435928,0.5703297853469849,4,23790,65535,63906
16650,-0.15823963284492493,0.08262492716312408,0.5763595700263977,8,4865,65535,65479
16660,-0.1583169847726822,0.07387138158082962,0.5841293931007385,54,1615,65535,65534
16670,-0.15827830135822296,0.07784615457057953,0.591937243938446,137,566,65535,65535
16680,-0.15862469375133514,0.07950911670923233,0.5997676849365234,463,117,65535,65535
16690,-0.16172531247138977,0.0693056508898735,0.6033151745796204,1820,16,65535,65535
16700,-0.16039228439331055,0.07104775309562683,0.6109685897827148,5116,2,65535,65534
16710,-0.1609368473291397,0.07001075148582458,0.6187387108802795,21976,0,65496,65513
16720,-0.16295699775218964,0.06889471411705017,0.6265941858291626,59909,540,54651,64940
16730,-0.1640188843011856,0.06999009847640991,0.6344403624534607,64857,4018,14554,59719
16740,-0.16349323093891144,0.0632617250084877,0.6472363471984863,65535,48995,1159,11403
16750,-0.16434693336486816,0.06455732136964798,0.6554003357887268,65535,59990,645,3417
16760,-0.1663217693567276,0.06266054511070251,0.6636376976966858,65535,64907,1617,94
16770,-0.17008131742477417,0.07096564024686813,0.6717973947525024,65534,65495,5093,0
16780,-0.17230746150016785,0.06836994737386703,0.6745142936706543,65514,65534,10569,0
16790,-0.17581486701965332,0.06749258190393448,0.6823877692222595,65434,65534,17966,0
16800,-0.175218403339386,0.07979505509138107,0.6902239918708801,64794,65535,46090,0
16810,-0.1793074905872345,0.0791383609175682,0.6978982090950012,45083,65535,64709,0
16820,-0.18276135623455048,0.08149877935647964,0.7054709196090698,1162,65500,65535,1150
16830,-0.18780218064785004,0.0844501182436943,0.7129144072532654,23,64785,65535,32000
16840,-0.18414215743541718,0.08926577866077423,0.720355749130249,4,50682,65535,59885
16850,-0.18503563106060028,0.09535367786884308,0.7277558445930481,13,6211,65535,65396
16860,-0.18445028364658356,0.10047419369220734,0.735134482383728,94,1694,65535,65530
16870,-0.18276655673980713,0.09206341952085495,0.742065966129303,408,386,65535,65535
16880,-0.18153004348278046,0.09580542892217636,0.7494833469390869,1615,40,65535,65535
16890,-0.18003852665424347,0.09763681888580322,0.7569507956504822,3238,6,65535,65535
16900,-0.18226014077663422,0.08552661538124084,0.7645590901374817,9290,0,65512,65534
16910,-0.17992250621318817,0.08832729607820511,0.7747511267662048,33822,5,64628,65516
16920,-0.18083131313323975,0.08714865148067474,0.7824451923370361,60554,431,42980,65202
16930,-0.1789194941520691,0.08523240685462952,0.7901707291603088,65252,2407,9196,62585
16940,-0.18734920024871826,0.08484756946563721,0.7979257106781006,65526,14422,649,45379
16950,-0.18754182755947113,0.0807620957493782,0.8101154565811157,65535,54251,172,13771
16960,-0.19092552363872528,0.0781659185886383,0.8181560635566711,65535,63164,518,1092
16970,-0.19540202617645264,0.08761649578809738,0.8261513113975525,65532,65120,2414,3
16980,-0.1979001760482788,0.08425735682249069,0.8341349959373474,65448,65488,7416,0
16990,-0.20175594091415405,0.08172906190156937,0.838187575340271,65107,65532,15682,0
17000,-0.20056773722171783,0.09692560136318207,0.845798671245575,63950,65531,37557,0
17010,-0.20444703102111816,0.09533542394638062,0.8532835245132446,42223,65535,63130,0
17020,-0.208853617310524,0.09983992576599121,0.8606987595558167,2151,65534,65535,243
17030,-0.21233540773391724,0.10580642521381378,0.8680158853530884,56,65251,65535,12505
17040,-0.20434240996837616,0.10628373920917511,0.8763618469238281,6,63987,65535,43449
17050,-0.20752499997615814,0.11249946057796478,0.8835665583610535,4,19211,65535,64223
17060,-0.2077692449092865,0.11698267608880997,0.8907163739204407,27,4325,65535,65444
17070,-0.20462700724601746,0.10564673691987991,0.8978429436683655,182,1173,65535,65531
17080,-0.2037038654088974,0.1114603653550148,0.9022440910339355,1055,161,65535,65535
17090,-0.20071697235107422,0.11614387482404709,0.9092628955841064,1977,51,65535,65535
17100,-0.20607131719589233,0.09867270290851593,0.9164091348648071,7801,1,65509,65534
17110,-0.2022837996482849,0.10455414652824402,0.9234583377838135,20644,0,65294,65531
17120,-0.1986466497182846,0.1048673614859581,0.9353991746902466,48506,51,56409,65504
17130,-0.19787350296974182,0.10175780206918716,0.9429043531417847,63517,930,28088,64613
17140,-0.20692579448223114,0.10130346566438675,0.9504485130310059,65284,4105,5070,57481
17150,-0.2062496840953827,0.09873037040233612,0.9580268859863281,65530,27863,355,28946
17160,-0.2065880000591278,0.0925426334142685,0.9655390381813049,65534,58166,283,3951
17170,-0.21425963938236237,0.10770060122013092,0.9730780720710754,65530,63680,1125,149
17180,-0.21575073897838593,0.10121192783117294,0.9806486368179321,65467,65315,4257,0
17190,-0.22019614279270172,0.09976039081811905,0.988169252872467,65200,65505,9838,0
17200,-0.21808812022209167,0.12116346508264542,0.9956185221672058,64399,65499,19946,0
17210,-0.22219479084014893,0.1219695508480072,0.9986586570739746,60544,65530,49076,0
17220,-0.2282734364271164,0.12121755629777908,1.0056594610214233,27191,65535,64291,0
17230,-0.23171430826187134,0.12759530544281006,1.012587547302246,1352,65533,65535,221
17240,-0.22198134660720825,0.13609616458415985,1.0194610357284546,49,65263,65535,8948
17250,-0.2248247265815735,0.14285007119178772,1.028965950012207,4,63800,65535,41562
17260,-0.22573788464069366,0.15266776084899902,1.0358227491378784,2,30336,65535,63127
17270,-0.21552565693855286,0.136076420545578,1.042593002319336,36,4614,65535,65400
17280,-0.21296587586402893,0.14680048823356628,1.0493440628051758,283,1053,65535,65532
17290,-0.20921558141708374,0.1488991379737854,1.0521219968795776,1453,189,65535,65535
17300,-0.21624755859375,0.1281881183385849,1.0586491823196411,4237,35,65534,65535
17310,-0.21042118966579437,0.132578507065773,1.065163016319275,10745,3,65487,65534
17320,-0.20180533826351166,0.13224519789218903,1.0716919898986816,27865,1,65008,65532
17330,-0.21345460414886475,0.1210252046585083,1.0806468725204468,52764,108,52151,65497
17340,-0.20965476334095,0.11632223427295685,1.0873668193817139,63933,1154,26038,64592
17350,-0.20836219191551208,0.11194101721048355,1.0941283702850342,65383,3373,6083,59799
17360,-0.2153092324733734,0.1209157332777977,1.100889801979065,65530,24119,585,33738
17370,-0.21391130983829498,0.11150902509689331,1.1072077751159668,65535,57980,257,5665
17380,-0.21848571300506592,0.10961891710758209,1.1140106916427612,65534,64075,1022,136
17390,-0.21975289285182953,0.1378825306892395,1.1208114624023438,65450,65313,4719,0
17400,-0.2238622009754181,0.13270002603530884,1.1275447607040405,65115,65498,10901,0
17410,-0.23087768256664276,0.1341477930545807,1.134189486503601,64350,65525,23253,0
17420,-0.23792847990989685,0.13735149800777435,1.1350412368774414,60114,65534,52913,0
17430,-0.22607402503490448,0.15525208413600922,1.1412171125411987,23191,65535,65118,0
17440,-0.2344161570072174,0.15905973315238953,1.147229552268982,1072,65534,65535,357
17450,-0.23821783065795898,0.1668960303068161,1.1531485319137573,30,65409,65535,8019
17460,-0.22349582612514496,0.15749429166316986,1.1618843078613281,3,64566,65535,38830
17470,-0.2256820946931839,0.1689559519290924,1.1677981615066528,0,38956,65535,63042
17480,-0.22451037168502808,0.1807989776134491,1.1736799478530884,20,6241,65535,65419
17490,-0.2244037389755249,0.14849354326725006,1.1795449256896973,175,2040,65535,65526
17500,-0.21904568374156952,0.15722139179706573,1.1835191249847412,1943,186,65535,65535
17510,-0.21093423664569855,0.16399766504764557,1.1892902851104736,6423,20,65534,65535
17520,-0.20561565458774567,0.163785919547081,1.1950660943984985,12828,3,65491,65534
17530,-0.2180599719285965,0.14588628709316254,1.200908899307251,31450,4,64979,65532
17540,-0.21407859027385712,0.1451689600944519,1.2073009014129639,55124,140,53405,65506
17550,-0.20746491849422455,0.1396385282278061,1.2132083177566528,64339,1128,25914,65081
17560,-0.2260311096906662,0.13891462981700897,1.2191823720932007,65383,3648,7701,60744
17570,-0.22275321185588837,0.1304655820131302,1.2252072095870972,65534,27130,583,34488
17580,-0.22465641796588898,0.11829470843076706,1.2312719821929932,65535,59510,258,5287
17590,-0.23135049641132355,0.1591256558895111,1.2392895221710205,65533,63876,1237,159
17600,-0.2342788130044937,0.14950153231620789,1.2453951835632324,65502,65352,4027,0
17610,-0.2391575127840042,0.14069607853889465,1.2514365911483765,65305,65522,10149,0
17620,-0.24712888896465302,0.14241592586040497,1.25742506980896,64646,65533,23663,0
17630,-0.23619581758975983,0.1694210171699524,1.26349675655365,60104,65534,54006,0
17640,-0.24388740956783295,0.170284703373909,1.2692718505859375,19521,65535,65336,0
17650,-0.2512294352054596,0.17452172935009003,1.2749378681182861,832,65530,65535,463
17660,-0.236190065741539,0.17261792719364166,1.2805007696151733,46,65375,65535,7138
17670,-0.24076531827449799,0.18390804529190063,1.2908935546875,2,63717,65535,46385
17680,-0.2394832968711853,0.19231745600700378,1.296579360961914,1,26799,65535,64123
17690,-0.23128440976142883,0.15910759568214417,1.3022000789642334,21,6418,65535,65393
17700,-0.2272678017616272,0.1688825786113739,1.3078423738479614,495,911,65535,65532
17710,-0.22149674594402313,0.1774957776069641,1.3081985712051392,2290,149,65535,65535
17720,-0.2133484035730362,0.18254944682121277,1.313608169555664,7557,14,65535,65535
17730,-0.2238771766424179,0.14805398881435394,1.3191370964050293,13587,6,65517,65532
17740,-0.21644888818264008,0.14801691472530365,1.3246797323226929,29092,3,65198,65531
17750,-0.21251782774925232,0.14150922000408173,1.3300228118896484,58232,261,51728,65439
17760,-0.2308294028043747,0.13767269253730774,1.3356130123138428,64447,1588,26556,64334
17770,-0.22554883360862732,0.12971773743629456,1.3412187099456787,65475,4340,4272,60026
17780,-0.22332672774791718,0.11773018538951874,1.3468557596206665,65535,35652,342,27911
17790,-0.23744921386241913,0.1427721530199051,1.352522611618042,65535,59860,329,4782
17800,-0.23783282935619354,0.1351512223482132,1.3580327033996582,65535,64242,1033,137
17810,-0.23783282935619354,0.1351512223482132,1.3580327033996582,65502,65454,4241,0
17820,-0.24446608126163483,0.12455914169549942,1.3636424541473389,65282,65499,9429,0
17830,-0.25313735008239746,0.12080729007720947,1.3691799640655518,64758,65531,23482,0
17840,-0.24804770946502686,0.15062201023101807,1.3744202852249146,58478,65534,55887,0
17850,-0.2609972059726715,0.15165196359157562,1.3797296285629272,19422,65535,65473,1
17860,-0.2672294080257416,0.1585215926170349,1.384924054145813,748,65532,65535,663
17870,-0.24816229939460754,0.16131585836410522,1.3899825811386108,29,65209,65535,13892
17880,-0.2508096992969513,0.16669224202632904,1.3949371576309204,3,61058,65535,52004
17890,-0.2530418932437897,0.17858891189098358,1.401243805885315,5,12216,65535,65062
17900,-0.24654333293437958,0.1924111247062683,1.40617036819458,55,4019,65535,65473
17910,-0.23724299669265747,0.1581747680902481,1.4110630750656128,627,878,65535,65532
17920,-0.23239174485206604,0.1693609356880188,1.4159626960754395,3380,99,65535,65535
17930,-0.22305402159690857,0.17934869229793549,1.4181994199752808,9088,17,65535,65534
17940,-0.23108309507369995,0.1387871503829956,1.4230238199234009,17168,6,65512,65532
17950,-0.22205476462841034,0.14257006347179413,1.4278322458267212,42014,13,64797,65523
17960,-0.21694453060626984,0.13880512118339539,1.432669758796692,61694,557,46060,65343
17970,-0.2412099838256836,0.12214267253875732,1.4441190958023071,64954,2845,19740,62490
17980,-0.23583409190177917,0.1141306683421135,1.4494423866271973,65517,10993,3712,45536
17990,-0.236630380153656,0.09723398089408875,1.454896092414856,65535,52812,548,8965
18000,-0.237672820687294,0.0862259790301323,1.4604275226593018,65535,62597,449,874
18010,-0.24818478524684906,0.11601173132658005,1.4686353206634521,65533,64863,2114,3
18020,-0.25377553701400757,0.09782172739505768,1.4743622541427612,65453,65512,7542,0
18030,-0.25931814312934875,0.09721025824546814,1.4800649881362915,65202,65532,14755,0
18040,-0.25349998474121094,0.1465972363948822,1.4857642650604248,63585,65528,37636,0
18050,-0.26813873648643494,0.13553264737129211,1.4919335842132568,44766,65535,62859,0
18060,-0.2747059762477875,0.1459440439939499,1.497465968132019,5526,65535,65535,22
18070,-0.2536432147026062,0.1579485684633255,1.5029226541519165,128,65378,65535,5109
18080,-0.2608126699924469,0.14751602709293365,1.50826096534729,9,64303,65535,35784
18090,-0.262627512216568,0.16138160228729248,1.5140893459320068,1,35645,65535,62824
18100,-0.26155003905296326,0.16955241560935974,1.5173923969268799,24,6028,65535,65379
18110,-0.24936631321907043,0.14135675132274628,1.522454023361206,166,2380,65535,65504
18120,-0.24290381371974945,0.15592741966247559,1.5275202989578247,922,536,65535,65534
18130,-0.23446771502494812,0.16887396574020386,1.5325901508331299,5165,45,65535,65535
18140,-0.24127916991710663,0.11890523135662079,1.532123327255249,10662,17,65533,65533
18150,-0.23070110380649567,0.1322695016860962,1.5369194746017456,21964,4,65403,65533
18160,-0.22258128225803375,0.13116207718849182,1.5417430400848389,52267,79,58620,65526
18170,-0.24336296319961548,0.11107932031154633,1.5465987920761108,63714,1182,36516,64861
18180,-0.23836055397987366,0.1049145981669426,1.5587095022201538,65302,4046,9661,61241
18190,-0.232867032289505,0.09520886838436127,1.5639897584915161,65534,20296,1347,40318
18200,-0.23745380342006683,0.07224839925765991,1.5693162679672241,65535,57485,323,6065
18210,-0.2538217604160309,0.10377617180347443,1.574659824371338,65535,63122,856,421
18220,-0.2593023180961609,0.08232343941926956,1.581605076789856,65520,65354,3334,0
18230,-0.26635515689849854,0.06993339210748672,1.5870697498321533,65365,65527,10110,0
18240,-0.26349538564682007,0.12003224343061447,1.5925248861312866,64358,65527,22588,0
18250,-0.2796913683414459,0.11320247501134872,1.5978626012802124,57603,65535,55473,0
18260,-0.2691851258277893,0.12514778971672058,1.6037964820861816,19940,65535,65445,0
18270,-0.2691851258277893,0.12514778971672058,1.6037964820861816,757,65533,65535,712
18280,-0.27969053387641907,0.1316426396369934,1.6086117029190063,29,65364,65535,12348
18290,-0.28838664293289185,0.14876104891300201,1.6133662462234497,2,63711,65535,50607
18300,-0.28656044602394104,0.1692643016576767,1.618058204650879,2,17049,65535,64980
18310,-0.26810240745544434,0.13227123022079468,1.615570068359375,52,4666,65535,65480
18320,-0.2604866325855255,0.15270936489105225,1.6197341680526733,785,735,65535,65534
18330,-0.25107890367507935,0.15300054848194122,1.6239107847213745,2513,169,65535,65535
18340,-0.25832104682922363,0.09849286079406738,1.6281667947769165,8427,31,65534,65535
18350,-0.24354514479637146,0.11424631625413895,1.633870005607605,16682,7,65497,65534
18360,-0.2357286959886551,0.11882060021162033,1.6382746696472168,41046,11,64643,65532
18370,-0.25690215826034546,0.08480094373226166,1.642781138420105,61397,478,42653,65445
18380,-0.2494211494922638,0.08674655109643936,1.6472681760787964,65157,1774,18785,65041
18390,-0.23763199150562286,0.07485277205705643,1.6619452238082886,65521,5207,2732,61408
18400,-0.22955377399921417,0.05843164771795273,1.6670781373977661,65535,35084,234,38810
18410,-0.2585722804069519,0.05553007125854492,1.6722458600997925,65535,60091,173,8051
18420,-0.26854968070983887,0.05343668535351753,1.6774170398712158,65535,64604,681,306
18430,-0.26796525716781616,0.054686468094587326,1.6825591325759888,65530,65452,3211,0
18440,-0.2687324285507202,0.10428012907505035,1.6910886764526367,65095,65507,11445,0
18450,-0.27947720885276794,0.10072328895330429,1.6963672637939453,63752,65528,29907,0
18460,-0.2959241271018982,0.1107492744922638,1.7015990018844604,41639,65535,62359,0
18470,-0.27048778533935547,0.11711239814758301,1.7067039012908936,7041,65535,65535,47
18480,-0.2829006016254425,0.13190846145153046,1.7076996564865112,148,65514,65535,3996
18490,-0.2841242551803589,0.14226087927818298,1.712408423423767,7,64936,65535,30144
18500,-0.2521092891693115,0.11221341043710709,1.717049241065979,2,55104,65535,58995
18510,-0.25028276443481445,0.13711987435817719,1.7216588258743286,8,9222,65535,65300
18520,-0.24305428564548492,0.15421444177627563,1.7174973487854004,137,2333,65535,65531
18530,-0.2408057600259781,0.09839025139808655,1.7215782403945923,615,905,65535,65534
18540,-0.24116314947605133,0.11786054074764252,1.7256358861923218,3472,116,65535,65535
18550,-0.2270788997411728,0.12313664704561234,1.7297170162200928,10300,16,65532,65535
18560,-0.2160428762435913,0.1215008869767189,1.7335575819015503,22699,4,65455,65535
18570,-0.23365159332752228,0.08581702411174774,1.7376799583435059,51672,76,59747,65533
18580,-0.2253817468881607,0.07339366525411606,1.741831660270691,64377,1124,31739,65214
18590,-0.21808308362960815,0.048985619097948074,1.7460459470748901,65531,4063,5187,62928
18600,-0.24041524529457092,0.07776429504156113,1.7607300281524658,65535,28240,2060,32361
18610,-0.23713333904743195,0.05361322686076164,1.7655833959579468,65535,60379,338,5132
18620,-0.24336497485637665,0.03208581730723381,1.7704814672470093,65535,65009,1053,60
18630,-0.23971110582351685,0.10321839898824692,1.7753766775131226,65506,65455,5386,0
18640,-0.25198447704315186,0.08917205780744553,1.7783688306808472,65474,65535,11878,0
18650,-0.2696296274662018,0.08418995141983032,1.778375267982483,64971,65535,26867,0
18660,-0.27861735224723816,0.08784092217683792,1.783316731452942,59618,65535,56895,0
18670,-0.24744510650634766,0.1323639452457428,1.787790298461914,22171,65535,65429,0
18680,-0.26919859647750854,0.13424743711948395,1.7921537160873413,1286,65535,65535,246
18690,-0.2735261619091034,0.1573358178138733,1.7957097291946411,37,65445,65535,7518
18700,-0.23344074189662933,0.13440357148647308,1.7998886108398438,6,64541,65535,41815
18710,-0.2398780733346939,0.16125167906284332,1.8040181398391724,0,33993,65535,64119
18720,-0.2339635044336319,0.18146614730358124,1.8081094026565552,15,7474,65535,65421
18730,-0.2231244146823883,0.12581172585487366,1.8103220462799072,291,2021,65535,65527
18740,-0.21220646798610687,0.1447203904390335,1.814273715019226,3344,171,65535,65535
18750,-0.19241128861904144,0.158081516623497,1.818246841430664,10236,22,65534,65535
18760,-0.175406351685524,0.15743191540241241,1.8222527503967285,19548,11,65504,65535
18770,-0.20896373689174652,0.11412477493286133,1.8263007402420044,44378,46,63909,65534
18780,-0.19158221781253815,0.10917244851589203,1.83037269115448,62467,425,43392,65517
18790,-0.1825210303068161,0.08705374598503113,1.8345248699188232,65503,2097,14127,65072
18800,-0.21850863099098206,0.11205316334962845,1.8387043476104736,65526,5788,6319,60817
18810,-0.21397195756435394,0.0875488817691803,1.8446331024169922,65535,48256,869,16981
18820,-0.21864522993564606,0.06674931198358536,1.8490469455718994,65535,62767,463,1677
18830,-0.2291780561208725,0.12995490431785583,1.853487253189087,65533,64798,2521,18
18840,-0.243668794631958,0.11528805643320084,1.8579504489898682,65389,65524,10576,0
18851,-0.26196518540382385,0.10571938008069992,1.8623565435409546,65012,65535,26662,0
18860,-0.28250911831855774,0.109926238656044,1.8627324104309082,61110,65535,58036,0
18870,-0.24292100965976715,0.16263511776924133,1.866741418838501,17696,65535,65522,1
18880,-0.26023069024086,0.16156798601150513,1.8706241846084595,1474,65535,65535,391
18890,-0.2596789598464966,0.1633453220129013,1.8744151592254639,174,65522,65535,2700
18900,-0.27032628655433655,0.1844072937965393,1.8785943984985352,8,65287,65535,23164
18910,-0.22750519216060638,0.16228091716766357,1.882297396659851,1,57083,65535,60031
18920,-0.2308558076620102,0.18820342421531677,1.8859732151031494,7,11395,65535,65260
18930,-0.22428174316883087,0.2044116109609604,1.8896206617355347,421,1460,65535,65532
18940,-0.22287048399448395,0.1528521180152893,1.8927185535430908,4126,138,65535,65535
18950,-0.21194994449615479,0.16553474962711334,1.8963574171066284,11954,19,65534,65535
18960,-0.18714047968387604,0.18091225624084473,1.900059700012207,22055,12,65508,65534
18970,-0.17356276512145996,0.1766785830259323,1.903826117515564,47921,31,64220,65534
18980,-0.2023751586675644,0.1279369443655014,1.9076720476150513,62677,513,45741,65500
18990,-0.18518896400928497,0.11990907788276672,1.9140883684158325,65465,1959,16796,65191
19000,-0.1750083714723587,0.09601319581270218,1.9182112216949463,65535,5075,2070,62211
19010,-0.21359393000602722,0.11965859681367874,1.9223824739456177,65535,33727,1173,28513
19020,-0.20994959771633148,0.09538932889699936,1.9266247749328613,65535,61929,290,3718
19030,-0.21269884705543518,0.06419532001018524,1.9343597888946533,65535,65227,1348,8
19040,-0.22708168625831604,0.047847483307123184,1.9388810396194458,65531,65534,7292,0
19050,-0.2343565672636032,0.11594952642917633,1.9434094429016113,65227,65534,20947,0
19060,-0.2542969286441803,0.10396730154752731,1.947869062423706,64129,65535,53701,0
19070,-0.27559736371040344,0.10555517673492432,1.9509960412979126,38546,65535,65236,0
19080,-0.24453403055667877,0.1523580551147461,1.9553189277648926,4090,65535,65535,36
19090,-0.2694963812828064,0.1609058380126953,1.959529995918274,213,65514,65535,2281
19100,-0.282447874546051,0.18316921591758728,1.963660717010498,18,65210,65535,19385
19110,-0.2356267273426056,0.15955108404159546,1.971100091934204,1,56839,65535,58395
19120,-0.2460947185754776,0.18268708884716034,1.9752570390701294,5,12348,65535,65160
19130,-0.2392861545085907,0.20811203122138977,1.9793728590011597,177,2599,65535,65524
19140,-0.22452452778816223,0.23865175247192383,1.9834798574447632,2471,180,65535,65535
19151,-0.21564942598342896,0.18456195294857025,1.9886250495910645,7378,32,65535,65535
19160,-0.21564942598342896,0.18456195294857025,1.9886250495910645,14402,11,65532,65534
19170,-0.19679011404514313,0.1895444095134735,1.9927113056182861,33729,5,65463,65528
19180,-0.2240934669971466,0.130347341299057,1.9972718954086304,55070,147,58844,65516
19190,-0.21347129344940186,0.12622421979904175,2.0014562606811523,64306,1155,37196,65235
19200,-0.19595816731452942,0.11670750379562378,2.0098752975463867,65523,2837,9798,64442
19210,-0.24191808700561523,0.11832548677921295,2.014345407485962,65533,12371,3236,52606
19220,-0.23075436055660248,0.09740883857011795,2.0188779830932617,65535,52945,497,14038
19230,-0.23047494888305664,0.0760645642876625,2.0234618186950684,65535,63304,534,639
19240,-0.2456425577402115,0.04995807260274887,2.031038522720337,65534,65443,2658,0
19250,-0.26075488328933716,0.12653480470180511,2.0357863903045654,65322,65521,11875,0
19260,-0.28172391653060913,0.10805916041135788,2.0404839515686035,64959,65535,26014,0
19270,-0.29854321479797363,0.1035686507821083,2.0451178550720215,59489,65535,60003,0
19280,-0.2771155834197998,0.17130962014198303,2.04720139503479,16225,65535,65534,11
19290,-0.30348846316337585,0.16526757180690765,2.051520347595215,1027,65535,65535,517
19300,-0.3206421732902527,0.18394722044467926,2.0557827949523926,66,65488,65535,6500
19310,-0.2742384672164917,0.17922143638134003,2.059983015060425,6,64310,65535,42716
19320,-0.2888462543487549,0.20462702214717865,2.061187744140625,0,26953,65535,64477
19330,-0.28183335065841675,0.21853932738304138,2.0651307106018066,44,5078,65535,65468
19340,-0.2731271982192993,0.24854405224323273,2.069037437438965,857,625,65535,65534
19350,-0.2604720890522003,0.18460418283939362,2.072927236557007,4489,84,65535,65535
19360,-0.2684240937232971,0.2043512761592865,2.072232961654663,12326,11,65534,65535
19370,-0.25936582684516907,0.1448124200105667,2.0759150981903076,27640,5,65498,65533
19380,-0.25971701741218567,0.14513510465621948,2.0795466899871826,49657,44,63950,65525
19390,-0.22126415371894836,0.14711394906044006,2.0831716060638428,63576,673,44922,65462
19400,-0.22131004929542542,0.14776788651943207,2.0867960453033447,65473,2275,18537,65091
19410,-0.25243592262268066,0.12675900757312775,2.098569631576538,65511,7075,9674,58271
19420,-0.2526490092277527,0.12761670351028442,2.102689027786255,65535,46532,1517,18462
19430,-0.2547328472137451,0.07905584573745728,2.1068737506866455,65535,62095,634,1525
19440,-0.25471997261047363,0.07975608110427856,2.1110706329345703,65535,65384,2532,0
19450,-0.27150511741638184,0.16211141645908356,2.1179184913635254,65307,65509,12988,0
19460,-0.2890963852405548,0.13247960805892944,2.1222262382507324,65051,65535,25510,0
19470,-0.2838928997516632,0.20256105065345764,2.1264853477478027,58094,65534,60562,0
19480,-0.2835278809070587,0.20429368317127228,2.1306169033050537,22269,65535,65534,9
19490,-0.3343941867351532,0.19646351039409637,2.1363866329193115,2471,65535,65535,228
19500,-0.28210246562957764,0.2072548270225525,2.140432596206665,197,65519,65535,3445
